request_id,blood_group_required,units_required,urgency_level,hospital_area,latitude,longitude,request_datetime,request_status
REQ00001,B+,4,High,RS Puram,11.005131,76.955693,2026-03-18T11:49,partially_fulfilled
REQ00002,O+,5,Low,Ukkadam,10.974805,76.948218,2025-12-28T09:49,cancelled
REQ00003,O+,3,Critical,Gandhipuram,11.021822,76.979922,2025-12-28T00:49,fulfilled
REQ00004,A+,4,Medium,Singanallur,11.010017,77.03529,2026-01-04T09:49,fulfilled
REQ00005,O+,1,High,Saibaba Colony,11.023791,76.955772,2026-07-11T04:49,partially_fulfilled
REQ00006,B-,4,High,Saibaba Colony,11.020273,76.949603,2026-07-28T03:49,fulfilled
REQ00007,O+,5,High,Coimbatore Central,11.006756,76.950011,2026-05-31T18:49,unfulfilled
REQ00008,A+,3,High,Ukkadam,10.979009,76.964207,2026-03-17T06:49,fulfilled
REQ00009,B-,1,High,Ukkadam,10.974237,76.954495,2026-03-24T10:49,partially_fulfilled
REQ00010,B-,3,Medium,Podanur,10.941213,76.978765,2026-04-17T23:49,fulfilled
REQ00011,O+,4,Low,Vadavalli,11.024551,76.904816,2026-03-17T03:49,fulfilled
REQ00012,A+,5,Critical,Podanur,10.952102,76.977042,2025-10-03T19:49,partially_fulfilled
REQ00013,O+,2,Medium,RS Puram,11.019118,76.965063,2026-01-10T04:49,fulfilled
REQ00014,O+,5,High,RS Puram,11.018463,76.937674,2025-12-27T21:49,unfulfilled
REQ00015,A+,1,Medium,Singanallur,11.004663,77.043716,2026-09-15T10:49,fulfilled
REQ00016,O+,4,Medium,RS Puram,11.010038,76.957436,2026-01-21T07:49,partially_fulfilled
REQ00017,O+,1,High,RS Puram,11.009304,76.963128,2026-06-14T09:49,fulfilled
REQ00018,B+,5,Low,Ukkadam,10.99293,76.961993,2026-02-20T10:49,fulfilled
REQ00019,A+,1,Medium,RS Puram,10.992426,76.938243,2025-11-11T11:49,fulfilled
REQ00020,O+,2,High,RS Puram,10.998993,76.937833,2026-03-26T21:49,fulfilled
REQ00021,O+,3,Critical,Saibaba Colony,11.031199,76.946312,2026-01-04T02:49,fulfilled
REQ00022,A+,2,High,Vadavalli,11.017538,76.898886,2025-12-22T23:49,fulfilled
REQ00023,A+,3,Low,Peelamedu,11.036741,77.036791,2025-12-20T18:49,cancelled
REQ00024,B-,5,Critical,Saibaba Colony,11.020902,76.941487,2026-06-03T03:49,unfulfilled
REQ00025,B+,2,Critical,Ukkadam,10.993206,76.962509,2026-08-06T22:49,partially_fulfilled
REQ00026,A+,5,High,Peelamedu,11.016615,77.03806,2026-07-03T13:49,unfulfilled
REQ00027,O+,3,High,Ukkadam,10.998831,76.967836,2026-09-25T15:49,unfulfilled
REQ00028,O+,4,Medium,RS Puram,10.996662,76.938594,2026-09-02T02:49,fulfilled
REQ00029,A+,2,High,Podanur,10.966912,76.964549,2026-05-29T23:49,fulfilled
REQ00030,O+,3,Low,Ukkadam,10.982837,76.95587,2026-09-09T18:49,fulfilled
REQ00031,O+,1,Low,Singanallur,10.994364,77.02865,2025-11-06T19:49,fulfilled
REQ00032,A+,4,Low,Ukkadam,10.987593,76.963164,2026-07-18T02:49,fulfilled
REQ00033,O+,1,High,Saibaba Colony,11.023961,76.943785,2026-01-14T07:49,unfulfilled
REQ00034,O-,4,Medium,Ukkadam,10.98607,76.964712,2026-06-16T11:49,partially_fulfilled
REQ00035,O+,5,Low,Saibaba Colony,11.019131,76.940996,2026-04-05T14:49,fulfilled
REQ00036,O+,3,Low,Ukkadam,10.990136,76.964037,2026-02-05T04:49,fulfilled
REQ00037,O-,4,Medium,Saibaba Colony,11.009695,76.953116,2026-01-24T08:49,partially_fulfilled
REQ00038,O+,5,Medium,Gandhipuram,11.025595,76.980753,2025-12-01T19:49,fulfilled
REQ00039,O+,3,Medium,Podanur,10.943114,76.954802,2026-02-06T02:49,fulfilled
REQ00040,A+,2,Critical,Podanur,10.96672,76.95337,2026-08-23T11:49,fulfilled
REQ00041,A+,2,High,Kalapatti,11.057098,77.030105,2026-08-15T12:49,fulfilled
REQ00042,A-,1,High,Saibaba Colony,11.032759,76.95245,2026-03-07T03:49,fulfilled
REQ00043,A+,2,Medium,Vadavalli,11.027179,76.90072,2025-11-02T12:49,partially_fulfilled
REQ00044,O+,4,Medium,Ukkadam,10.997646,76.974907,2026-06-15T11:49,fulfilled
REQ00045,O-,5,Medium,Coimbatore Central,11.008842,76.954146,2026-01-27T22:49,partially_fulfilled
REQ00046,O+,5,Low,Singanallur,11.010009,77.021166,2026-03-07T02:49,fulfilled
REQ00047,A+,3,Medium,Coimbatore Central,10.988812,76.968614,2026-05-03T02:49,unfulfilled
REQ00048,A-,4,High,Ukkadam,10.980999,76.960716,2025-12-03T06:49,cancelled
REQ00049,A+,1,High,Singanallur,10.998715,77.019545,2026-06-30T19:49,fulfilled
REQ00050,A+,5,Medium,Podanur,10.938311,76.970466,2026-05-15T20:49,cancelled
REQ00051,O+,2,Medium,Gandhipuram,11.013395,76.962963,2026-02-28T22:49,fulfilled
REQ00052,O+,2,Critical,Singanallur,10.996155,77.040861,2026-02-23T11:49,cancelled
REQ00053,A+,3,Medium,Peelamedu,11.027739,77.018836,2026-02-19T14:49,cancelled
REQ00054,A-,4,Medium,Kalapatti,11.062524,77.037006,2025-11-21T04:49,partially_fulfilled
REQ00055,A-,5,High,Saibaba Colony,11.031976,76.9559,2025-11-08T04:49,fulfilled
REQ00056,A-,4,High,Podanur,10.939591,76.957755,2026-03-04T17:49,partially_fulfilled
REQ00057,O+,1,Critical,Coimbatore Central,10.992064,76.953282,2026-02-13T12:49,unfulfilled
REQ00058,A-,1,High,Vadavalli,11.011063,76.907751,2025-12-01T07:49,cancelled
REQ00059,A-,2,Medium,RS Puram,10.99164,76.963105,2026-01-19T02:49,unfulfilled
REQ00060,O+,1,Medium,Vadavalli,11.026116,76.917249,2026-05-14T07:49,fulfilled
REQ00061,O+,5,Low,Vadavalli,11.021952,76.901142,2026-06-10T14:49,partially_fulfilled
REQ00062,A-,4,High,Podanur,10.958771,76.959664,2026-09-22T00:49,unfulfilled
REQ00063,A+,3,High,Singanallur,10.993404,77.034383,2026-07-17T15:49,fulfilled
REQ00064,B+,1,High,Gandhipuram,11.01589,76.956053,2026-07-11T17:49,fulfilled
REQ00065,A+,5,Medium,Ukkadam,10.976442,76.973938,2026-03-12T00:49,fulfilled
REQ00066,O-,5,Medium,Vadavalli,11.028356,76.904542,2026-06-05T04:49,partially_fulfilled
REQ00067,O+,2,High,Peelamedu,11.041577,77.028124,2026-04-02T23:49,partially_fulfilled
REQ00068,O+,4,High,Peelamedu,11.041606,77.041356,2026-09-05T15:49,fulfilled
REQ00069,O+,3,Medium,Kalapatti,11.074752,77.033583,2026-08-10T04:49,unfulfilled
REQ00070,A+,1,High,Saibaba Colony,11.015421,76.949884,2026-04-09T17:49,fulfilled
REQ00071,B+,5,High,Peelamedu,11.032526,77.023076,2026-07-27T07:49,partially_fulfilled
REQ00072,B+,2,Medium,RS Puram,11.012069,76.966745,2026-07-09T21:49,fulfilled
REQ00073,B+,5,Medium,Gandhipuram,11.020436,76.978367,2026-07-19T19:49,partially_fulfilled
REQ00074,B+,4,Critical,RS Puram,11.002378,76.941781,2026-03-02T04:49,unfulfilled
REQ00075,A+,3,High,Vadavalli,11.030646,76.902328,2026-04-26T21:49,fulfilled
REQ00076,A+,3,Critical,Vadavalli,11.029027,76.902833,2026-07-18T08:49,cancelled
REQ00077,O+,5,High,Vadavalli,11.022283,76.911098,2026-01-02T15:49,fulfilled
REQ00078,O+,2,Critical,Kalapatti,11.059287,77.05191,2026-08-31T23:49,fulfilled
REQ00079,O+,1,High,Saibaba Colony,11.022982,76.942998,2026-07-05T02:49,fulfilled
REQ00080,A-,5,High,Vadavalli,11.020348,76.922346,2026-03-24T19:49,fulfilled
REQ00081,O+,2,Medium,Podanur,10.962585,76.964316,2026-09-07T06:49,fulfilled
REQ00082,O+,4,Medium,Coimbatore Central,11.007479,76.949964,2026-08-13T01:49,cancelled
REQ00083,O+,3,Medium,Gandhipuram,11.007078,76.954113,2026-03-14T01:49,partially_fulfilled
REQ00084,O+,5,Medium,Podanur,10.942093,76.969604,2026-01-21T23:49,fulfilled
REQ00085,B+,5,High,Podanur,10.951442,76.981947,2026-04-29T19:49,unfulfilled
REQ00086,A+,3,Medium,Coimbatore Central,11.004437,76.952946,2026-01-05T03:49,fulfilled
REQ00087,O+,5,Medium,Kalapatti,11.053979,77.045909,2026-07-03T19:49,partially_fulfilled
REQ00088,B-,5,Medium,Saibaba Colony,11.014141,76.939524,2026-09-03T19:49,fulfilled
REQ00089,O+,1,Medium,Podanur,10.952663,76.955425,2026-03-21T18:49,partially_fulfilled
REQ00090,O+,5,High,Gandhipuram,11.026601,76.963262,2025-10-18T05:49,fulfilled
REQ00091,A+,2,Medium,Saibaba Colony,11.019484,76.956876,2025-11-05T06:49,unfulfilled
REQ00092,O+,1,Low,Podanur,10.951647,76.969397,2025-11-12T19:49,fulfilled
REQ00093,B+,2,Low,Kalapatti,11.068861,77.041029,2026-01-30T17:49,partially_fulfilled
REQ00094,A+,3,Critical,Peelamedu,11.0177,77.031161,2026-03-14T19:49,partially_fulfilled
REQ00095,A+,5,Medium,Coimbatore Central,10.989016,76.962672,2026-05-02T09:49,fulfilled
REQ00096,O+,4,Low,Peelamedu,11.020647,77.021479,2026-04-05T04:49,fulfilled
REQ00097,O+,2,High,Podanur,10.942597,76.953169,2025-11-28T09:49,fulfilled
REQ00098,O+,3,High,Coimbatore Central,10.993358,76.941985,2025-10-04T04:49,partially_fulfilled
REQ00099,O+,1,Low,Singanallur,11.002991,77.040996,2025-11-28T22:49,fulfilled
REQ00100,B+,2,High,Gandhipuram,11.002637,76.954008,2025-10-03T16:49,partially_fulfilled
REQ00101,A-,1,Medium,Coimbatore Central,10.99568,76.960481,2025-10-10T21:49,fulfilled
REQ00102,A+,3,High,RS Puram,10.993619,76.965282,2025-10-05T04:49,fulfilled
REQ00103,A+,5,High,Coimbatore Central,10.991022,76.943471,2026-01-03T20:49,partially_fulfilled
REQ00104,A+,4,Medium,Vadavalli,11.011763,76.916637,2026-08-16T15:49,fulfilled
REQ00105,A+,3,Medium,Coimbatore Central,10.988397,76.952158,2026-02-07T07:49,fulfilled
REQ00106,A-,4,Critical,RS Puram,10.997652,76.962138,2026-02-02T16:49,unfulfilled
REQ00107,O+,5,High,Podanur,10.940735,76.978503,2026-05-13T22:49,fulfilled
REQ00108,O-,4,Low,Coimbatore Central,11.005328,76.967628,2026-06-12T15:49,fulfilled
REQ00109,O-,3,Critical,Gandhipuram,11.026032,76.964365,2026-02-28T02:49,fulfilled
REQ00110,A+,1,Medium,Gandhipuram,11.016359,76.95969,2026-08-15T21:49,fulfilled
REQ00111,AB+,2,Low,Podanur,10.942435,76.961029,2025-11-01T06:49,fulfilled
REQ00112,O+,2,Critical,RS Puram,11.002541,76.941549,2026-05-29T08:49,fulfilled
REQ00113,B-,4,High,Coimbatore Central,11.001787,76.95751,2025-11-19T01:49,fulfilled
REQ00114,B+,1,Medium,Coimbatore Central,10.990733,76.941576,2026-08-21T09:49,fulfilled
REQ00115,O+,2,High,Kalapatti,11.070841,77.029089,2026-08-11T22:49,fulfilled
REQ00116,A+,1,Medium,Coimbatore Central,11.003012,76.963451,2025-11-29T23:49,cancelled
REQ00117,O+,4,Medium,Coimbatore Central,10.995302,76.951819,2025-12-27T07:49,unfulfilled
REQ00118,AB+,2,Critical,RS Puram,11.02062,76.958661,2026-06-28T00:49,cancelled
REQ00119,O+,1,Medium,Kalapatti,11.067179,77.051334,2025-10-07T13:49,partially_fulfilled
REQ00120,A-,5,Critical,Gandhipuram,11.019505,76.96099,2026-09-02T08:49,unfulfilled
REQ00121,O+,3,Low,Gandhipuram,11.018489,76.980556,2026-04-16T16:49,fulfilled
REQ00122,B-,3,Medium,RS Puram,10.99821,76.942815,2025-10-21T06:49,fulfilled
REQ00123,B+,3,Critical,Podanur,10.940601,76.980088,2026-07-10T19:49,partially_fulfilled
REQ00124,A+,5,Medium,Podanur,10.959002,76.979007,2026-03-21T13:49,cancelled
REQ00125,A-,2,High,Coimbatore Central,11.003363,76.95583,2026-07-04T10:49,partially_fulfilled
REQ00126,B+,1,High,Ukkadam,10.974606,76.950049,2025-10-11T00:49,fulfilled
REQ00127,O+,2,Medium,Coimbatore Central,11.000294,76.965863,2026-04-15T09:49,partially_fulfilled
REQ00128,AB+,1,High,Ukkadam,10.988336,76.97286,2026-04-25T23:49,fulfilled
REQ00129,A+,2,Medium,Saibaba Colony,11.005112,76.949519,2026-01-02T17:49,fulfilled
REQ00130,A-,3,High,Vadavalli,11.026069,76.904247,2026-09-29T02:49,partially_fulfilled
REQ00131,O+,4,High,Vadavalli,11.013293,76.898906,2026-05-27T01:49,partially_fulfilled
REQ00132,O-,1,Critical,Singanallur,10.988757,77.015915,2026-07-20T19:49,fulfilled
REQ00133,O+,1,Critical,Singanallur,10.986226,77.035745,2026-04-01T11:49,unfulfilled
REQ00134,B-,2,Medium,Coimbatore Central,11.014217,76.968141,2026-05-13T13:49,fulfilled
REQ00135,O+,2,Low,Gandhipuram,11.008859,76.979927,2026-02-28T06:49,fulfilled
REQ00136,O-,2,High,Singanallur,10.999668,77.020907,2026-02-27T16:49,unfulfilled
REQ00137,B+,5,High,Singanallur,11.002833,77.043042,2025-10-20T11:49,fulfilled
REQ00138,O+,1,Critical,RS Puram,11.012487,76.950341,2025-10-16T03:49,partially_fulfilled
REQ00139,A+,4,High,Peelamedu,11.017018,77.039947,2025-12-21T22:49,fulfilled
REQ00140,B-,2,High,RS Puram,11.000939,76.941735,2025-10-11T02:49,fulfilled
REQ00141,O+,2,Medium,Vadavalli,11.031835,76.921104,2026-07-16T04:49,unfulfilled
REQ00142,A+,3,Critical,Singanallur,11.013154,77.033865,2026-02-25T14:49,cancelled
REQ00143,O+,1,Medium,Coimbatore Central,10.993294,76.955075,2026-02-18T20:49,fulfilled
REQ00144,B-,1,High,RS Puram,11.010286,76.952529,2026-02-23T07:49,fulfilled
REQ00145,O-,4,High,Singanallur,11.01035,77.033752,2026-02-28T01:49,partially_fulfilled
REQ00146,A+,1,Low,Kalapatti,11.064699,77.03939,2026-01-04T12:49,fulfilled
REQ00147,O+,5,High,Singanallur,11.004758,77.028248,2025-12-14T19:49,fulfilled
REQ00148,A-,5,Medium,Peelamedu,11.030569,77.033364,2026-05-21T00:49,fulfilled
REQ00149,B+,3,Medium,Gandhipuram,11.007242,76.978611,2025-12-08T09:49,fulfilled
REQ00150,A-,3,Low,Podanur,10.941678,76.958474,2026-05-15T04:49,partially_fulfilled
REQ00151,O-,5,Medium,Coimbatore Central,11.015592,76.970011,2026-05-29T19:49,partially_fulfilled
REQ00152,B+,2,Low,Podanur,10.947276,76.966588,2026-03-30T01:49,partially_fulfilled
REQ00153,A-,5,Critical,Gandhipuram,11.012361,76.964978,2026-09-09T12:49,fulfilled
REQ00154,A+,4,High,RS Puram,10.994678,76.94284,2026-05-11T11:49,fulfilled
REQ00155,O+,5,High,RS Puram,11.019916,76.946361,2025-12-02T06:49,fulfilled
REQ00156,A+,4,Medium,Coimbatore Central,11.01588,76.968432,2026-05-22T13:49,fulfilled
REQ00157,A+,2,Medium,Podanur,10.944316,76.952548,2026-02-02T14:49,cancelled
REQ00158,A+,1,High,Saibaba Colony,11.025942,76.937807,2026-08-12T01:49,fulfilled
REQ00159,O+,1,Medium,Peelamedu,11.036549,77.016772,2026-04-21T10:49,fulfilled
REQ00160,A+,1,Low,Kalapatti,11.070034,77.048699,2026-03-15T21:49,unfulfilled
REQ00161,O+,2,Critical,Ukkadam,10.988797,76.955558,2025-10-17T10:49,fulfilled
REQ00162,O-,5,Low,Gandhipuram,11.019252,76.953594,2026-02-03T03:49,partially_fulfilled
REQ00163,O+,1,Medium,Peelamedu,11.020533,77.03585,2026-08-06T11:49,cancelled
REQ00164,A-,5,Low,RS Puram,11.013984,76.962937,2026-05-20T10:49,fulfilled
REQ00165,O+,2,Low,Saibaba Colony,11.016466,76.952835,2026-02-11T19:49,fulfilled
REQ00166,B+,1,Critical,RS Puram,11.005624,76.949349,2026-04-08T22:49,fulfilled
REQ00167,AB+,2,Low,Saibaba Colony,11.006138,76.950181,2026-01-24T01:49,fulfilled
REQ00168,O+,4,Low,Singanallur,11.005947,77.024142,2026-01-05T00:49,partially_fulfilled
REQ00169,O-,1,Low,Kalapatti,11.082831,77.048497,2025-11-10T13:49,cancelled
REQ00170,O+,5,Medium,Podanur,10.942388,76.974551,2026-06-05T15:49,fulfilled
REQ00171,A+,4,Medium,Gandhipuram,11.020552,76.971525,2026-07-06T05:49,fulfilled
REQ00172,O+,4,High,Gandhipuram,11.019851,76.963096,2026-02-02T21:49,fulfilled
REQ00173,O-,2,Medium,Ukkadam,10.983536,76.961057,2025-11-18T11:49,fulfilled
REQ00174,A+,4,High,Saibaba Colony,11.016487,76.957314,2025-12-06T10:49,fulfilled
REQ00175,O+,3,Low,Podanur,10.959047,76.971417,2026-09-11T17:49,fulfilled
REQ00176,B+,3,Low,Ukkadam,10.978762,76.951045,2025-11-06T04:49,unfulfilled
REQ00177,O+,2,Medium,Coimbatore Central,11.003159,76.959357,2025-10-21T10:49,fulfilled
REQ00178,O+,3,High,Vadavalli,11.025787,76.904878,2025-11-01T10:49,fulfilled
REQ00179,O+,4,Low,Singanallur,10.997546,77.030413,2026-02-24T09:49,fulfilled
REQ00180,A+,1,Medium,Vadavalli,11.016299,76.899865,2025-12-22T12:49,fulfilled
REQ00181,AB+,5,Low,Ukkadam,10.995224,76.965572,2026-03-11T00:49,fulfilled
REQ00182,O+,3,Low,Peelamedu,11.023232,77.024033,2026-06-21T21:49,fulfilled
REQ00183,A+,1,Medium,Gandhipuram,11.007456,76.975724,2026-04-21T19:49,fulfilled
REQ00184,O+,2,Medium,Kalapatti,11.081904,77.037891,2026-04-19T14:49,fulfilled
REQ00185,A-,2,High,RS Puram,10.992453,76.947737,2025-11-21T11:49,fulfilled
REQ00186,O+,3,Medium,Kalapatti,11.072071,77.049527,2025-10-13T10:49,fulfilled
REQ00187,AB+,5,Medium,Coimbatore Central,11.01617,76.964022,2026-07-25T08:49,partially_fulfilled
REQ00188,A+,2,High,RS Puram,11.002579,76.963117,2025-10-21T12:49,partially_fulfilled
REQ00189,O+,2,Critical,Gandhipuram,11.010561,76.969107,2026-03-18T12:49,fulfilled
REQ00190,O+,4,Medium,Kalapatti,11.057278,77.031721,2026-07-31T02:49,fulfilled
REQ00191,O+,3,Medium,Peelamedu,11.021001,77.021241,2026-09-26T20:49,fulfilled
REQ00192,O+,2,Critical,Gandhipuram,11.013289,76.980169,2025-11-23T22:49,fulfilled
REQ00193,A+,1,Low,Peelamedu,11.041233,77.017947,2026-05-11T13:49,unfulfilled
REQ00194,O+,4,Medium,Coimbatore Central,10.989199,76.942349,2026-08-13T16:49,partially_fulfilled
REQ00195,B+,5,High,Podanur,10.949796,76.967998,2026-09-04T19:49,fulfilled
REQ00196,O+,1,High,Ukkadam,10.998463,76.972607,2026-08-15T06:49,fulfilled
REQ00197,O+,4,Critical,Kalapatti,11.079288,77.049119,2025-10-18T04:49,fulfilled
REQ00198,A+,4,Critical,Singanallur,11.007228,77.038923,2026-04-01T18:49,partially_fulfilled
REQ00199,A+,3,Critical,Coimbatore Central,10.987665,76.955804,2026-09-10T15:49,fulfilled
REQ00200,A+,2,Medium,RS Puram,10.996988,76.948361,2026-08-12T03:49,fulfilled
REQ00201,O-,5,High,RS Puram,11.011787,76.95321,2025-11-17T09:49,unfulfilled
REQ00202,O-,3,Critical,Gandhipuram,11.003415,76.958037,2026-08-07T02:49,fulfilled
REQ00203,O+,4,High,Saibaba Colony,11.007689,76.961246,2026-07-07T15:49,fulfilled
REQ00204,O-,4,Low,Coimbatore Central,10.988938,76.960792,2026-01-04T10:49,cancelled
REQ00205,O+,2,Critical,Peelamedu,11.038924,77.02546,2026-03-12T23:49,fulfilled
REQ00206,A+,1,Critical,Kalapatti,11.074612,77.053262,2025-12-21T05:49,fulfilled
REQ00207,A-,3,High,Peelamedu,11.020628,77.016003,2026-09-16T14:49,partially_fulfilled
REQ00208,A+,5,Medium,Gandhipuram,11.017854,76.977422,2026-05-01T01:49,unfulfilled
REQ00209,O-,4,Medium,RS Puram,10.992156,76.948867,2026-02-26T04:49,fulfilled
REQ00210,A-,3,High,Gandhipuram,11.028093,76.959205,2025-11-07T05:49,fulfilled
REQ00211,A-,2,Critical,Vadavalli,11.03375,76.925735,2026-05-30T13:49,partially_fulfilled
REQ00212,O+,2,High,Ukkadam,10.991338,76.969774,2026-04-09T00:49,fulfilled
REQ00213,A-,5,Low,Ukkadam,10.999692,76.964815,2026-09-19T18:49,cancelled
REQ00214,A-,5,Medium,Coimbatore Central,11.010951,76.944014,2025-12-28T23:49,fulfilled
REQ00215,A+,3,High,Ukkadam,11.001412,76.95721,2025-10-24T17:49,unfulfilled
REQ00216,O+,5,High,Podanur,10.953003,76.958337,2026-02-10T00:49,fulfilled
REQ00217,A+,3,Medium,RS Puram,10.997306,76.942222,2026-08-27T03:49,fulfilled
REQ00218,A+,2,Critical,Singanallur,11.002885,77.033272,2025-10-10T10:49,fulfilled
REQ00219,A+,2,Critical,Peelamedu,11.024451,77.032172,2026-09-30T10:49,cancelled
REQ00220,A+,3,Low,Kalapatti,11.065062,77.029355,2025-11-26T19:49,partially_fulfilled
REQ00221,B+,4,Critical,Kalapatti,11.068595,77.053966,2026-06-17T00:49,fulfilled
REQ00222,O+,3,Low,Coimbatore Central,10.991204,76.967404,2026-01-18T02:49,fulfilled
REQ00223,B-,4,Critical,Singanallur,10.999891,77.020189,2025-10-17T03:49,fulfilled
REQ00224,O+,2,High,Podanur,10.941993,76.959532,2026-09-18T01:49,fulfilled
REQ00225,O-,5,Medium,Coimbatore Central,11.008673,76.956083,2025-11-12T05:49,fulfilled
REQ00226,B+,3,Low,Vadavalli,11.03006,76.918314,2026-09-18T23:49,fulfilled
REQ00227,B+,2,Low,Ukkadam,10.997984,76.951697,2026-04-06T03:49,unfulfilled
REQ00228,O-,1,Low,Peelamedu,11.03058,77.028057,2025-11-11T03:49,fulfilled
REQ00229,O+,2,Critical,RS Puram,11.002599,76.948975,2026-03-13T17:49,partially_fulfilled
REQ00230,B+,2,High,Vadavalli,11.032922,76.900102,2026-06-24T22:49,unfulfilled
REQ00231,B+,5,Medium,Vadavalli,11.026462,76.910862,2026-06-19T01:49,cancelled
REQ00232,O+,5,Critical,Kalapatti,11.064194,77.051511,2026-03-11T02:49,fulfilled
REQ00233,O+,5,Low,RS Puram,11.006193,76.939777,2025-12-13T18:49,fulfilled
REQ00234,O-,4,High,Coimbatore Central,11.003773,76.95725,2026-04-26T07:49,fulfilled
REQ00235,O+,5,Medium,Ukkadam,10.993779,76.963709,2026-02-07T22:49,fulfilled
REQ00236,O+,1,High,Singanallur,10.999272,77.033684,2026-05-29T14:49,fulfilled
REQ00237,O+,2,High,Ukkadam,10.984943,76.962597,2026-03-26T01:49,fulfilled
REQ00238,O-,1,Low,Saibaba Colony,11.010785,76.959928,2026-06-19T18:49,partially_fulfilled
REQ00239,B+,5,High,Ukkadam,10.995152,76.966171,2026-07-13T03:49,fulfilled
REQ00240,O+,1,High,Coimbatore Central,10.987528,76.954986,2026-05-21T03:49,fulfilled
REQ00241,B+,4,Medium,Gandhipuram,11.004306,76.982163,2026-06-26T18:49,partially_fulfilled
REQ00242,O+,1,Medium,Gandhipuram,11.022555,76.954183,2026-07-11T09:49,fulfilled
REQ00243,O-,1,High,Peelamedu,11.028352,77.041488,2026-02-26T04:49,fulfilled
REQ00244,O+,4,Medium,Singanallur,11.014953,77.021957,2025-10-06T01:49,unfulfilled
REQ00245,O-,1,Low,Peelamedu,11.042895,77.021138,2025-10-11T22:49,cancelled
REQ00246,O+,5,High,Saibaba Colony,11.027098,76.94576,2026-09-24T18:49,cancelled
REQ00247,O+,4,Low,Podanur,10.945772,76.959905,2026-07-12T15:49,fulfilled
REQ00248,A-,1,Medium,Ukkadam,10.982893,76.952119,2025-10-11T05:49,partially_fulfilled
REQ00249,O-,3,Low,Kalapatti,11.066096,77.057851,2026-02-02T11:49,unfulfilled
REQ00250,A+,3,Medium,Vadavalli,11.034867,76.912478,2026-09-27T20:49,partially_fulfilled
REQ00251,A-,3,High,Coimbatore Central,10.992873,76.955512,2026-08-28T01:49,fulfilled
REQ00252,O+,2,High,Saibaba Colony,11.011507,76.93672,2026-01-04T08:49,partially_fulfilled
REQ00253,O+,5,High,Singanallur,11.00585,77.03603,2026-09-05T23:49,fulfilled
REQ00254,O+,1,Medium,Singanallur,11.01136,77.040844,2026-03-15T16:49,fulfilled
REQ00255,A+,3,Critical,Gandhipuram,11.031812,76.981057,2026-02-25T21:49,partially_fulfilled
REQ00256,A-,2,High,Gandhipuram,11.02826,76.969998,2026-05-08T02:49,fulfilled
REQ00257,O+,4,High,Peelamedu,11.040949,77.035335,2025-12-20T03:49,fulfilled
REQ00258,O-,4,Low,Gandhipuram,11.007312,76.959825,2026-05-27T15:49,partially_fulfilled
REQ00259,B+,1,Medium,Ukkadam,10.988674,76.955118,2026-07-09T12:49,fulfilled
REQ00260,O-,2,High,Kalapatti,11.071998,77.053406,2025-11-20T08:49,fulfilled
REQ00261,O+,1,Low,Kalapatti,11.064959,77.051368,2025-11-11T07:49,fulfilled
REQ00262,A-,2,High,Saibaba Colony,11.028923,76.945922,2026-03-23T07:49,fulfilled
REQ00263,O+,4,High,RS Puram,11.00174,76.948942,2026-07-31T15:49,fulfilled
REQ00264,AB+,1,Low,Kalapatti,11.072439,77.034923,2026-07-06T12:49,partially_fulfilled
REQ00265,A-,1,Medium,Ukkadam,10.977191,76.945087,2026-07-28T14:49,fulfilled
REQ00266,A+,4,Medium,Vadavalli,11.015327,76.913765,2026-01-15T18:49,fulfilled
REQ00267,O-,4,High,Vadavalli,11.01819,76.916765,2026-01-31T06:49,fulfilled
REQ00268,A+,5,Medium,Kalapatti,11.069925,77.044911,2026-07-08T04:49,partially_fulfilled
REQ00269,A+,2,Medium,Podanur,10.964215,76.976838,2025-11-21T02:49,fulfilled
REQ00270,O+,1,Critical,Podanur,10.946181,76.980919,2025-12-30T03:49,fulfilled
REQ00271,A-,4,High,RS Puram,11.009444,76.953834,2025-12-17T18:49,partially_fulfilled
REQ00272,AB+,4,Low,Peelamedu,11.024003,77.017332,2026-05-10T23:49,unfulfilled
REQ00273,AB+,4,High,Singanallur,10.993321,77.033056,2025-10-20T17:49,fulfilled
REQ00274,O+,3,High,Vadavalli,11.024308,76.901162,2025-12-10T22:49,partially_fulfilled
REQ00275,A-,1,Medium,Ukkadam,11.003492,76.949177,2025-10-31T03:49,fulfilled
REQ00276,AB+,4,Low,Ukkadam,10.980032,76.945331,2026-06-11T03:49,fulfilled
REQ00277,A+,5,Critical,Gandhipuram,11.020715,76.977005,2025-10-29T22:49,partially_fulfilled
REQ00278,O+,5,Low,Saibaba Colony,11.026666,76.957543,2026-09-23T21:49,unfulfilled
REQ00279,A-,1,Low,Coimbatore Central,10.997079,76.957688,2026-01-09T06:49,fulfilled
REQ00280,O+,1,Medium,Saibaba Colony,11.00692,76.941648,2025-10-27T01:49,fulfilled
REQ00281,A+,2,Low,Gandhipuram,11.031497,76.981013,2026-05-09T16:49,fulfilled
REQ00282,A+,2,Low,Singanallur,10.990783,77.033343,2026-03-30T21:49,partially_fulfilled
REQ00283,O+,5,Low,Peelamedu,11.025558,77.037045,2026-05-21T06:49,fulfilled
REQ00284,O-,1,Low,Peelamedu,11.024546,77.024849,2025-11-28T18:49,fulfilled
REQ00285,O+,5,Medium,Gandhipuram,11.005299,76.966054,2026-06-25T03:49,fulfilled
REQ00286,O+,3,Medium,Coimbatore Central,10.989132,76.949139,2026-06-09T08:49,fulfilled
REQ00287,O+,3,Critical,Kalapatti,11.081321,77.038598,2026-07-04T08:49,fulfilled
REQ00288,O+,4,High,Gandhipuram,11.016819,76.958907,2025-10-23T16:49,cancelled
REQ00289,B-,2,Medium,Singanallur,10.988338,77.029928,2026-04-24T08:49,partially_fulfilled
REQ00290,B+,3,Low,RS Puram,11.014118,76.947694,2026-04-06T15:49,fulfilled
REQ00291,B+,5,Medium,Vadavalli,11.021818,76.921892,2026-01-27T17:49,fulfilled
REQ00292,A+,5,Low,Singanallur,11.012534,77.020088,2026-08-15T14:49,partially_fulfilled
REQ00293,A+,4,Medium,Kalapatti,11.058389,77.038898,2026-02-11T03:49,cancelled
REQ00294,A+,2,High,Peelamedu,11.02873,77.013301,2025-12-30T18:49,fulfilled
REQ00295,B+,2,High,Singanallur,10.997699,77.015321,2025-10-31T13:49,fulfilled
REQ00296,A+,3,Medium,Vadavalli,11.035435,76.92313,2026-02-05T02:49,unfulfilled
REQ00297,A+,4,Low,Kalapatti,11.057216,77.042998,2026-06-26T10:49,partially_fulfilled
REQ00298,A+,4,Medium,Podanur,10.966039,76.953705,2026-08-05T23:49,partially_fulfilled
REQ00299,O+,2,High,Peelamedu,11.016289,77.03249,2026-09-13T05:49,fulfilled
REQ00300,A+,4,High,Ukkadam,10.999994,76.950252,2026-06-23T13:49,fulfilled
REQ00301,A+,5,Medium,Vadavalli,11.03218,76.919834,2026-01-25T18:49,fulfilled
REQ00302,A-,1,High,Ukkadam,10.990568,76.949246,2026-01-13T23:49,fulfilled
REQ00303,B+,2,High,Podanur,10.964296,76.971431,2025-10-25T02:49,partially_fulfilled
REQ00304,O+,5,Low,Singanallur,10.992184,77.043413,2026-01-31T17:49,unfulfilled
REQ00305,O+,2,High,Podanur,10.951865,76.959277,2025-12-16T22:49,partially_fulfilled
REQ00306,O+,3,Critical,Vadavalli,11.008799,76.907456,2026-08-21T03:49,fulfilled
REQ00307,AB+,2,Critical,RS Puram,11.006881,76.952105,2026-09-17T02:49,fulfilled
REQ00308,O+,5,Medium,Saibaba Colony,11.017367,76.955575,2026-02-27T04:49,fulfilled
REQ00309,A+,4,Critical,Ukkadam,10.977116,76.946212,2026-08-19T18:49,unfulfilled
REQ00310,O+,4,Medium,Coimbatore Central,11.004207,76.970238,2026-03-10T22:49,fulfilled
REQ00311,B+,5,Critical,Vadavalli,11.009061,76.902525,2025-10-16T05:49,fulfilled
REQ00312,AB+,3,Critical,Gandhipuram,11.008331,76.960323,2026-05-31T10:49,unfulfilled
REQ00313,A+,1,High,Peelamedu,11.026594,77.016163,2026-08-18T21:49,fulfilled
REQ00314,A+,4,High,Coimbatore Central,11.012803,76.970531,2025-12-16T18:49,fulfilled
REQ00315,O-,5,High,Saibaba Colony,11.012156,76.948839,2025-12-07T23:49,partially_fulfilled
REQ00316,O+,2,Low,Gandhipuram,11.00599,76.972973,2026-05-24T13:49,fulfilled
REQ00317,O+,5,High,Vadavalli,11.031736,76.918363,2026-08-02T09:49,unfulfilled
REQ00318,O+,3,High,RS Puram,11.004471,76.941013,2025-10-16T01:49,fulfilled
REQ00319,O+,1,Medium,Singanallur,11.001168,77.021186,2025-11-05T23:49,fulfilled
REQ00320,A+,5,Medium,Gandhipuram,11.00372,76.960327,2026-03-18T17:49,fulfilled
REQ00321,B+,4,High,Gandhipuram,11.023815,76.972929,2026-03-04T02:49,fulfilled
REQ00322,A+,5,Medium,Kalapatti,11.078698,77.034274,2026-02-10T08:49,fulfilled
REQ00323,A+,4,High,Coimbatore Central,10.989146,76.946842,2026-05-04T00:49,fulfilled
REQ00324,O+,5,Low,Vadavalli,11.03332,76.913306,2026-03-16T03:49,partially_fulfilled
REQ00325,A-,2,Medium,Saibaba Colony,11.019173,76.934828,2025-11-03T06:49,fulfilled
REQ00326,AB-,5,Medium,RS Puram,11.017471,76.953382,2025-11-28T14:49,cancelled
REQ00327,O+,4,High,Peelamedu,11.040636,77.033287,2025-10-19T10:49,fulfilled
REQ00328,A+,4,Critical,Coimbatore Central,11.001913,76.964063,2026-02-21T07:49,unfulfilled
REQ00329,O+,1,Low,Gandhipuram,11.005666,76.959868,2025-12-23T15:49,unfulfilled
REQ00330,A+,4,Low,Saibaba Colony,11.020556,76.933563,2025-12-23T12:49,partially_fulfilled
REQ00331,B+,1,Low,Podanur,10.960038,76.960216,2026-07-18T03:49,fulfilled
REQ00332,A+,3,High,Peelamedu,11.019568,77.034567,2026-02-11T02:49,fulfilled
REQ00333,O+,1,Medium,Singanallur,11.000908,77.019878,2026-04-11T21:49,fulfilled
REQ00334,O+,3,High,Peelamedu,11.024396,77.032935,2025-11-12T15:49,fulfilled
REQ00335,O-,2,High,Singanallur,10.99309,77.01768,2026-01-16T13:49,partially_fulfilled
REQ00336,A-,3,High,Singanallur,11.003299,77.043017,2026-07-01T18:49,fulfilled
REQ00337,A+,2,Medium,Saibaba Colony,11.023628,76.940699,2026-07-07T01:49,fulfilled
REQ00338,A+,5,High,RS Puram,10.99195,76.951619,2026-04-02T05:49,fulfilled
REQ00339,A+,1,Medium,Coimbatore Central,11.002552,76.943428,2026-09-02T09:49,cancelled
REQ00340,O+,3,Medium,Coimbatore Central,11.004587,76.952906,2026-07-20T19:49,fulfilled
REQ00341,A+,2,Low,Peelamedu,11.030454,77.020491,2025-10-17T22:49,fulfilled
REQ00342,AB+,1,Critical,Podanur,10.953575,76.96312,2026-09-08T16:49,cancelled
REQ00343,O+,3,Medium,RS Puram,10.999182,76.958975,2026-03-01T16:49,cancelled
REQ00344,AB-,3,Low,Vadavalli,11.011545,76.925651,2026-09-21T03:49,cancelled
REQ00345,O+,3,High,Singanallur,10.98973,77.019387,2026-06-30T00:49,fulfilled
REQ00346,A-,3,Low,Ukkadam,10.990146,76.963963,2026-01-05T12:49,partially_fulfilled
REQ00347,A+,3,Critical,Coimbatore Central,10.994987,76.943184,2026-03-14T23:49,partially_fulfilled
REQ00348,O+,2,High,Coimbatore Central,11.003004,76.942156,2026-06-30T11:49,cancelled
REQ00349,AB+,1,Medium,Vadavalli,11.023118,76.902756,2026-01-30T06:49,cancelled
REQ00350,O+,1,High,Saibaba Colony,11.03238,76.94039,2026-05-16T13:49,partially_fulfilled
REQ00351,B+,4,Critical,Ukkadam,10.97958,76.948402,2025-10-08T11:49,partially_fulfilled
REQ00352,O-,4,Medium,Vadavalli,11.022794,76.917953,2025-12-29T18:49,partially_fulfilled
REQ00353,O+,2,Medium,Kalapatti,11.068614,77.051308,2026-05-18T02:49,fulfilled
REQ00354,A-,1,High,Kalapatti,11.053605,77.035517,2025-12-10T22:49,partially_fulfilled
REQ00355,O-,5,High,Singanallur,10.999943,77.035899,2025-11-03T11:49,partially_fulfilled
REQ00356,O+,3,High,Coimbatore Central,10.986788,76.944498,2026-02-06T23:49,partially_fulfilled
REQ00357,O+,5,Medium,Kalapatti,11.066831,77.042075,2026-05-04T05:49,fulfilled
REQ00358,A+,4,High,Kalapatti,11.078307,77.04508,2026-01-13T19:49,partially_fulfilled
REQ00359,O+,2,High,Vadavalli,11.016016,76.924174,2026-09-17T02:49,fulfilled
REQ00360,O-,2,Medium,Coimbatore Central,11.003429,76.962793,2026-06-28T10:49,fulfilled
REQ00361,O-,4,High,Podanur,10.942405,76.976342,2026-01-17T05:49,partially_fulfilled
REQ00362,O+,1,Low,Gandhipuram,11.004624,76.958783,2026-05-01T22:49,fulfilled
REQ00363,B+,4,Medium,Peelamedu,11.042777,77.034881,2026-03-01T13:49,fulfilled
REQ00364,B+,3,Medium,Gandhipuram,11.020335,76.973591,2026-06-17T22:49,fulfilled
REQ00365,AB+,3,Medium,Podanur,10.964749,76.952769,2026-01-28T15:49,fulfilled
REQ00366,O+,5,High,Saibaba Colony,11.025653,76.950593,2025-12-18T16:49,fulfilled
REQ00367,O+,2,Critical,Kalapatti,11.060497,77.05477,2026-07-10T22:49,unfulfilled
REQ00368,A+,1,High,Vadavalli,11.036799,76.906426,2026-07-30T05:49,unfulfilled
REQ00369,B+,3,Medium,Coimbatore Central,10.994727,76.941753,2025-12-16T02:49,partially_fulfilled
REQ00370,O+,4,Medium,Saibaba Colony,11.017046,76.938361,2026-02-04T12:49,fulfilled
REQ00371,O+,5,Low,RS Puram,11.011109,76.94488,2025-11-18T18:49,fulfilled
REQ00372,O+,4,Critical,RS Puram,11.011333,76.944379,2026-01-22T00:49,cancelled
REQ00373,B+,1,Medium,Ukkadam,10.999946,76.974914,2026-02-05T12:49,fulfilled
REQ00374,A+,3,High,Gandhipuram,11.014337,76.982276,2026-07-05T15:49,fulfilled
REQ00375,A+,1,High,Saibaba Colony,11.015387,76.937555,2026-05-09T02:49,fulfilled
REQ00376,O+,4,Medium,Saibaba Colony,11.031579,76.954411,2026-07-14T06:49,cancelled
REQ00377,O+,1,High,Vadavalli,11.017382,76.902338,2025-11-14T13:49,unfulfilled
REQ00378,A+,5,Medium,Peelamedu,11.019714,77.021804,2026-03-08T09:49,fulfilled
REQ00379,A-,1,High,Gandhipuram,11.003643,76.962291,2025-12-18T18:49,cancelled
REQ00380,A-,2,Low,Kalapatti,11.07529,77.039253,2026-04-06T19:49,fulfilled
REQ00381,A+,4,High,Podanur,10.966927,76.956437,2026-09-23T22:49,unfulfilled
REQ00382,A+,1,High,Gandhipuram,11.031609,76.953655,2026-03-26T10:49,fulfilled
REQ00383,O+,5,Medium,Kalapatti,11.082892,77.048303,2026-04-06T15:49,unfulfilled
REQ00384,A+,1,High,Kalapatti,11.067067,77.057325,2026-08-24T10:49,partially_fulfilled
REQ00385,O+,4,High,RS Puram,11.015074,76.952091,2026-09-21T15:49,unfulfilled
REQ00386,A+,3,Medium,Coimbatore Central,10.997665,76.965556,2025-10-09T16:49,fulfilled
REQ00387,O-,5,Medium,Ukkadam,10.98398,76.958056,2026-06-13T23:49,fulfilled
REQ00388,A-,1,High,Vadavalli,11.014117,76.90838,2025-11-09T01:49,partially_fulfilled
REQ00389,A+,2,High,Ukkadam,10.992495,76.947179,2025-10-18T15:49,fulfilled
REQ00390,A+,2,Medium,Vadavalli,11.035155,76.926201,2026-07-24T16:49,unfulfilled
REQ00391,O+,3,High,Kalapatti,11.05819,77.051506,2026-06-30T11:49,partially_fulfilled
REQ00392,A+,3,Medium,Saibaba Colony,11.02021,76.95028,2026-07-11T15:49,fulfilled
REQ00393,A+,2,High,Kalapatti,11.066216,77.056635,2026-08-13T19:49,fulfilled
REQ00394,A-,2,Medium,Peelamedu,11.025404,77.037294,2026-01-14T14:49,fulfilled
REQ00395,AB+,4,Medium,Kalapatti,11.073283,77.052475,2026-06-25T03:49,cancelled
REQ00396,A+,4,Low,Ukkadam,11.003277,76.961,2026-01-23T08:49,fulfilled
REQ00397,O+,5,High,Coimbatore Central,10.996029,76.963893,2026-09-30T22:49,partially_fulfilled
REQ00398,A-,3,High,Kalapatti,11.060862,77.050584,2026-02-05T12:49,partially_fulfilled
REQ00399,A+,2,Medium,Gandhipuram,11.008751,76.975569,2026-04-20T01:49,partially_fulfilled
REQ00400,O+,3,High,Ukkadam,10.982338,76.96022,2026-04-16T00:49,fulfilled
REQ00401,O+,5,Medium,Singanallur,10.99173,77.029308,2026-08-16T16:49,fulfilled
REQ00402,B-,3,High,Vadavalli,11.023672,76.907126,2026-01-14T15:49,fulfilled
REQ00403,O+,3,Low,Coimbatore Central,11.012899,76.969817,2025-11-09T15:49,fulfilled
REQ00404,O+,3,Low,Ukkadam,10.994528,76.952572,2026-04-26T14:49,unfulfilled
REQ00405,A+,3,Low,Ukkadam,10.996705,76.956966,2025-10-28T09:49,fulfilled
REQ00406,O-,3,Medium,Podanur,10.948658,76.973534,2026-06-29T15:49,unfulfilled
REQ00407,O+,4,High,Vadavalli,11.029691,76.898447,2026-03-21T00:49,fulfilled
REQ00408,O-,1,Critical,Peelamedu,11.029097,77.040612,2025-10-29T08:49,cancelled
REQ00409,O+,3,Medium,Vadavalli,11.015376,76.916701,2026-03-06T16:49,cancelled
REQ00410,O+,1,High,Vadavalli,11.03422,76.905168,2026-09-07T21:49,fulfilled
REQ00411,O-,3,High,Coimbatore Central,10.995083,76.964484,2025-11-24T22:49,unfulfilled
REQ00412,O+,4,High,Coimbatore Central,10.998699,76.94251,2025-12-10T05:49,fulfilled
REQ00413,A-,2,High,Podanur,10.938215,76.957483,2025-11-08T11:49,fulfilled
REQ00414,O-,3,Low,Ukkadam,11.002476,76.957202,2026-01-03T17:49,fulfilled
REQ00415,O+,1,Low,Kalapatti,11.056689,77.04883,2026-01-24T20:49,unfulfilled
REQ00416,A+,1,High,Singanallur,11.011553,77.042105,2026-08-07T08:49,unfulfilled
REQ00417,B+,4,High,Kalapatti,11.081922,77.032615,2026-09-20T15:49,partially_fulfilled
REQ00418,O+,2,Critical,Ukkadam,10.995857,76.951785,2026-06-16T02:49,partially_fulfilled
REQ00419,AB+,4,Medium,Ukkadam,10.994567,76.955056,2026-05-21T22:49,fulfilled
REQ00420,O+,1,High,Vadavalli,11.036658,76.90169,2026-06-16T01:49,partially_fulfilled
REQ00421,B+,5,High,Kalapatti,11.058899,77.028343,2026-03-05T03:49,fulfilled
REQ00422,A+,5,Critical,Coimbatore Central,11.006664,76.952116,2026-03-09T22:49,cancelled
REQ00423,O-,5,High,Vadavalli,11.026838,76.904745,2026-04-26T06:49,partially_fulfilled
REQ00424,O+,2,High,Gandhipuram,11.014935,76.977654,2025-10-06T22:49,cancelled
REQ00425,B+,1,High,Kalapatti,11.079629,77.046576,2026-04-23T05:49,fulfilled
REQ00426,AB+,5,Critical,Podanur,10.949871,76.953149,2026-09-19T13:49,fulfilled
REQ00427,O+,4,Critical,Podanur,10.950098,76.981599,2025-10-25T04:49,fulfilled
REQ00428,O+,1,Medium,Peelamedu,11.023561,77.012936,2026-07-30T18:49,partially_fulfilled
REQ00429,AB+,5,Critical,Singanallur,10.995684,77.019731,2026-02-16T22:49,fulfilled
REQ00430,O+,1,Medium,Ukkadam,10.994284,76.964805,2026-01-01T09:49,fulfilled
REQ00431,O-,3,Low,Kalapatti,11.079405,77.057845,2026-03-08T02:49,unfulfilled
REQ00432,O+,4,High,Coimbatore Central,10.995842,76.949362,2026-07-09T20:49,partially_fulfilled
REQ00433,O+,4,Low,Vadavalli,11.017369,76.916524,2025-12-11T07:49,fulfilled
REQ00434,O+,1,Critical,Ukkadam,10.983151,76.959275,2026-05-12T09:49,unfulfilled
REQ00435,AB+,2,High,Ukkadam,10.990614,76.961945,2026-04-08T17:49,fulfilled
REQ00436,AB-,2,Low,Vadavalli,11.022524,76.907771,2026-07-14T21:49,fulfilled
REQ00437,O+,2,Medium,Singanallur,11.010966,77.023303,2026-06-02T20:49,cancelled
REQ00438,O-,5,Medium,Kalapatti,11.08271,77.030111,2026-01-28T11:49,cancelled
REQ00439,A-,4,Low,Vadavalli,11.011356,76.923044,2026-02-01T02:49,fulfilled
REQ00440,O+,2,Medium,Singanallur,10.996413,77.015325,2026-06-14T17:49,fulfilled
REQ00441,A+,4,Medium,Coimbatore Central,10.991447,76.950158,2025-10-31T08:49,cancelled
REQ00442,O+,1,Critical,Podanur,10.940065,76.959425,2026-03-16T11:49,partially_fulfilled
REQ00443,A-,3,Critical,Kalapatti,11.070597,77.036588,2026-09-27T14:49,fulfilled
REQ00444,A+,4,High,Gandhipuram,11.010201,76.974674,2026-02-12T06:49,cancelled
REQ00445,O+,3,Medium,Vadavalli,11.03187,76.919219,2026-04-20T17:49,cancelled
REQ00446,A+,2,Medium,Kalapatti,11.08024,77.035588,2025-10-16T22:49,fulfilled
REQ00447,A+,2,Low,Peelamedu,11.038122,77.014069,2026-02-23T16:49,partially_fulfilled
REQ00448,A-,1,Medium,RS Puram,11.018937,76.954235,2025-12-11T05:49,fulfilled
REQ00449,O+,4,Medium,Saibaba Colony,11.025865,76.939932,2026-09-18T19:49,fulfilled
REQ00450,O+,2,Medium,RS Puram,10.996159,76.940613,2025-11-12T01:49,fulfilled
REQ00451,A+,4,High,RS Puram,10.996452,76.949971,2025-12-20T02:49,unfulfilled
REQ00452,A+,2,High,RS Puram,11.015491,76.952633,2026-08-06T18:49,fulfilled
REQ00453,B-,3,Medium,Singanallur,11.014529,77.02107,2025-10-08T19:49,fulfilled
REQ00454,O+,2,Medium,Podanur,10.956298,76.962272,2026-02-12T10:49,fulfilled
REQ00455,A+,5,High,Coimbatore Central,10.993912,76.969756,2025-10-08T17:49,unfulfilled
REQ00456,O+,2,Critical,Saibaba Colony,11.009393,76.945862,2026-05-30T07:49,unfulfilled
REQ00457,A+,4,Medium,Kalapatti,11.067563,77.034577,2026-08-23T13:49,cancelled
REQ00458,B-,5,Medium,Ukkadam,10.982117,76.953341,2026-05-20T03:49,cancelled
REQ00459,O-,3,High,Ukkadam,10.993149,76.963372,2026-06-26T09:49,partially_fulfilled
REQ00460,O+,2,Low,Podanur,10.964826,76.977945,2026-09-25T02:49,fulfilled
REQ00461,A+,1,High,Coimbatore Central,10.99186,76.948747,2026-05-13T05:49,fulfilled
REQ00462,A-,1,Low,Ukkadam,11.001458,76.963223,2026-02-11T14:49,unfulfilled
REQ00463,B+,3,Medium,Peelamedu,11.032148,77.01391,2025-10-23T06:49,fulfilled
REQ00464,O-,1,Low,Ukkadam,10.987267,76.966905,2026-03-27T08:49,fulfilled
REQ00465,B+,4,High,Vadavalli,11.018098,76.920603,2026-08-31T19:49,fulfilled
REQ00466,O+,4,Critical,RS Puram,11.000855,76.941167,2026-03-01T16:49,partially_fulfilled
REQ00467,O+,3,Medium,Ukkadam,10.976473,76.950262,2026-05-05T07:49,fulfilled
REQ00468,O+,5,Medium,Singanallur,11.004311,77.038447,2026-05-19T21:49,fulfilled
REQ00469,A+,1,High,Vadavalli,11.036576,76.927459,2026-09-17T14:49,fulfilled
REQ00470,O-,3,Low,Singanallur,10.994982,77.025991,2026-01-18T23:49,fulfilled
REQ00471,A-,2,Critical,Gandhipuram,11.024981,76.964366,2026-07-22T12:49,fulfilled
REQ00472,B+,2,Medium,Peelamedu,11.03891,77.017356,2026-09-30T06:49,fulfilled
REQ00473,A+,5,Critical,Saibaba Colony,11.008259,76.945943,2026-06-12T16:49,unfulfilled
REQ00474,O+,5,Critical,Peelamedu,11.016492,77.028273,2026-04-04T08:49,fulfilled
REQ00475,B+,3,Critical,Saibaba Colony,11.026459,76.938077,2026-02-08T22:49,fulfilled
REQ00476,O+,5,Low,Ukkadam,10.977795,76.958615,2026-08-26T06:49,fulfilled
REQ00477,O-,4,Medium,Ukkadam,10.974126,76.962148,2026-07-12T15:49,unfulfilled
REQ00478,A-,2,Critical,Ukkadam,10.989572,76.952343,2026-09-18T06:49,unfulfilled
REQ00479,A+,5,High,Podanur,10.957344,76.958795,2026-05-22T16:49,partially_fulfilled
REQ00480,O+,1,Medium,Ukkadam,10.995981,76.960787,2026-08-16T15:49,fulfilled
REQ00481,O+,1,Low,Podanur,10.949466,76.952803,2026-03-19T04:49,cancelled
REQ00482,O+,4,High,Podanur,10.962987,76.954285,2026-04-18T12:49,cancelled
REQ00483,O-,2,High,Coimbatore Central,11.001679,76.956244,2026-09-09T12:49,partially_fulfilled
REQ00484,O+,1,High,Vadavalli,11.02626,76.906956,2026-05-11T10:49,partially_fulfilled
REQ00485,A+,2,High,Coimbatore Central,11.012585,76.949712,2026-02-03T22:49,fulfilled
REQ00486,B+,1,Critical,Saibaba Colony,11.004005,76.948836,2026-04-22T05:49,unfulfilled
REQ00487,O+,5,Low,Ukkadam,11.003053,76.960429,2026-03-21T12:49,fulfilled
REQ00488,O+,5,Medium,Gandhipuram,11.019936,76.972162,2025-11-09T12:49,fulfilled
REQ00489,O+,1,Medium,Peelamedu,11.028195,77.027021,2026-01-10T03:49,fulfilled
REQ00490,O+,4,High,Ukkadam,10.994623,76.969047,2026-02-16T12:49,partially_fulfilled
REQ00491,A+,4,Low,Podanur,10.967735,76.967343,2026-06-26T23:49,fulfilled
REQ00492,O+,2,Medium,Kalapatti,11.074615,77.034436,2025-10-17T01:49,fulfilled
REQ00493,O+,2,High,Ukkadam,10.976329,76.964196,2026-04-19T17:49,partially_fulfilled
REQ00494,O+,1,Medium,Singanallur,10.998701,77.034709,2026-03-21T11:49,unfulfilled
REQ00495,A+,2,Critical,Kalapatti,11.053063,77.044717,2026-09-21T14:49,fulfilled
REQ00496,O+,2,Medium,Ukkadam,10.984621,76.961574,2026-08-07T11:49,fulfilled
REQ00497,O+,5,High,Peelamedu,11.019043,77.035854,2025-11-07T21:49,partially_fulfilled
REQ00498,O+,5,Medium,Kalapatti,11.05945,77.047082,2026-07-12T16:49,unfulfilled
REQ00499,AB-,1,Critical,Podanur,10.965864,76.97409,2026-03-21T23:49,partially_fulfilled
REQ00500,O+,5,Medium,Saibaba Colony,11.011766,76.950239,2026-02-12T05:49,unfulfilled
REQ00501,O+,1,Low,Kalapatti,11.054763,77.045468,2025-11-05T08:49,unfulfilled
REQ00502,O+,3,High,Kalapatti,11.080153,77.034198,2026-07-26T11:49,partially_fulfilled
REQ00503,A+,5,Low,Singanallur,11.009117,77.038277,2026-03-07T20:49,unfulfilled
REQ00504,O+,4,Medium,Peelamedu,11.032732,77.039261,2026-04-06T05:49,fulfilled
REQ00505,O+,5,Medium,Vadavalli,11.03039,76.926211,2026-02-21T10:49,fulfilled
REQ00506,AB+,1,Medium,Gandhipuram,11.024242,76.972779,2026-03-02T02:49,partially_fulfilled
REQ00507,O+,1,Medium,Kalapatti,11.066378,77.05349,2026-08-06T19:49,partially_fulfilled
REQ00508,A+,5,Critical,Vadavalli,11.024036,76.918502,2026-08-31T11:49,fulfilled
REQ00509,O+,3,Low,Gandhipuram,11.003077,76.98039,2026-06-24T14:49,fulfilled
REQ00510,O+,1,High,Ukkadam,11.003191,76.959603,2026-07-21T16:49,fulfilled
REQ00511,AB+,3,Medium,Kalapatti,11.056967,77.04073,2026-01-19T17:49,unfulfilled
REQ00512,AB+,2,Medium,Vadavalli,11.017835,76.915742,2025-10-13T05:49,cancelled
REQ00513,O+,1,Medium,Ukkadam,10.996649,76.956111,2026-02-18T04:49,fulfilled
REQ00514,O-,5,High,Kalapatti,11.077226,77.031626,2026-03-09T15:49,fulfilled
REQ00515,A+,1,Low,Saibaba Colony,11.011607,76.948606,2026-07-10T02:49,fulfilled
REQ00516,O+,5,Low,Peelamedu,11.041311,77.027605,2026-02-19T10:49,fulfilled
REQ00517,AB-,4,Critical,Singanallur,10.990261,77.020132,2026-05-14T23:49,fulfilled
REQ00518,A+,2,Medium,Podanur,10.953501,76.961425,2026-08-25T10:49,cancelled
REQ00519,O-,5,High,Podanur,10.949715,76.96399,2026-01-13T00:49,partially_fulfilled
REQ00520,A+,3,Low,Coimbatore Central,11.004329,76.959231,2025-12-18T22:49,fulfilled
REQ00521,O-,3,High,RS Puram,11.010217,76.959671,2026-06-24T09:49,unfulfilled
REQ00522,A-,1,High,Kalapatti,11.071942,77.033768,2025-11-22T18:49,fulfilled
REQ00523,A-,3,Medium,Podanur,10.948263,76.981349,2026-04-16T19:49,fulfilled
REQ00524,A+,5,Medium,RS Puram,10.997516,76.939998,2026-08-24T02:49,fulfilled
REQ00525,A+,3,High,Coimbatore Central,11.007723,76.95961,2025-12-13T15:49,fulfilled
REQ00526,O+,2,High,Gandhipuram,11.019514,76.978477,2026-09-12T01:49,partially_fulfilled
REQ00527,O-,1,Medium,Kalapatti,11.059694,77.042677,2026-04-24T21:49,fulfilled
REQ00528,A+,4,Low,Gandhipuram,11.014252,76.955925,2026-04-09T21:49,cancelled
REQ00529,O+,3,High,RS Puram,10.99432,76.963566,2025-10-29T16:49,cancelled
REQ00530,O+,2,Critical,Kalapatti,11.078885,77.044763,2026-07-22T20:49,fulfilled
REQ00531,A+,4,Medium,Peelamedu,11.026759,77.012132,2025-11-08T15:49,unfulfilled
REQ00532,A+,2,Low,Ukkadam,10.989652,76.970047,2026-04-24T04:49,cancelled
REQ00533,O+,2,High,Coimbatore Central,11.010954,76.968235,2025-11-11T02:49,fulfilled
REQ00534,O+,1,Medium,Saibaba Colony,11.027853,76.937716,2026-04-16T08:49,fulfilled
REQ00535,O+,1,High,Peelamedu,11.034049,77.018863,2026-04-17T05:49,fulfilled
REQ00536,A+,2,Low,Singanallur,11.004226,77.021819,2026-06-11T06:49,fulfilled
REQ00537,AB+,4,High,Ukkadam,10.977576,76.949469,2026-09-02T14:49,fulfilled
REQ00538,O-,2,Medium,Podanur,10.96454,76.957368,2026-03-02T23:49,fulfilled
REQ00539,A+,4,Medium,Ukkadam,10.991831,76.951627,2026-02-11T01:49,fulfilled
REQ00540,B+,5,High,Coimbatore Central,11.015284,76.942652,2026-01-16T14:49,fulfilled
REQ00541,O+,3,Medium,Vadavalli,11.025751,76.919648,2025-12-24T11:49,fulfilled
REQ00542,A+,1,Low,Singanallur,10.990013,77.039355,2025-11-20T15:49,fulfilled
REQ00543,O-,2,Medium,Kalapatti,11.06149,77.050161,2025-11-20T13:49,fulfilled
REQ00544,O+,1,Low,Gandhipuram,11.023421,76.982137,2026-01-20T10:49,unfulfilled
REQ00545,AB-,1,Low,Saibaba Colony,11.032524,76.9465,2026-04-23T11:49,unfulfilled
REQ00546,B-,1,High,Vadavalli,11.032925,76.906069,2026-02-04T14:49,partially_fulfilled
REQ00547,B+,2,Medium,Ukkadam,10.988172,76.963168,2026-03-18T01:49,fulfilled
REQ00548,O+,2,Critical,Gandhipuram,11.017074,76.955125,2026-06-03T05:49,partially_fulfilled
REQ00549,O+,5,Medium,Singanallur,10.989578,77.02567,2026-03-23T09:49,fulfilled
REQ00550,B+,3,Medium,RS Puram,11.004474,76.952524,2025-11-25T09:49,fulfilled
REQ00551,O+,5,High,Podanur,10.951674,76.957157,2026-09-21T03:49,partially_fulfilled
REQ00552,O+,1,Medium,RS Puram,11.013574,76.964224,2026-06-26T09:49,partially_fulfilled
REQ00553,O+,4,High,Podanur,10.947533,76.960615,2025-12-18T02:49,cancelled
REQ00554,AB-,1,High,Saibaba Colony,11.008593,76.946906,2026-08-17T03:49,unfulfilled
REQ00555,O+,1,Medium,Kalapatti,11.061531,77.034443,2026-05-12T13:49,partially_fulfilled
REQ00556,AB+,2,Medium,Kalapatti,11.062323,77.048772,2026-09-01T17:49,cancelled
REQ00557,O+,2,Medium,Singanallur,11.008631,77.027685,2025-11-24T09:49,fulfilled
REQ00558,B+,5,Critical,Peelamedu,11.023076,77.021422,2026-02-16T04:49,fulfilled
REQ00559,O-,4,Low,Podanur,10.95943,76.969822,2026-04-05T07:49,fulfilled
REQ00560,B+,2,Low,Singanallur,10.988008,77.04063,2026-09-03T19:49,fulfilled
REQ00561,B+,1,Medium,Peelamedu,11.020428,77.012313,2026-02-18T10:49,fulfilled
REQ00562,O+,5,Critical,Peelamedu,11.025126,77.028414,2026-09-19T23:49,fulfilled
REQ00563,O-,5,Medium,Vadavalli,11.032927,76.926822,2026-07-28T03:49,fulfilled
REQ00564,O+,1,Critical,Gandhipuram,11.01094,76.955933,2026-06-27T07:49,fulfilled
REQ00565,O+,3,Medium,Coimbatore Central,10.998167,76.960067,2026-03-11T01:49,fulfilled
REQ00566,B+,3,Medium,Saibaba Colony,11.023743,76.959619,2026-09-28T19:49,fulfilled
REQ00567,A+,3,Medium,Saibaba Colony,11.017311,76.948085,2026-01-12T10:49,fulfilled
REQ00568,A+,5,Medium,Singanallur,10.995759,77.02992,2026-03-12T03:49,unfulfilled
REQ00569,O+,3,High,Kalapatti,11.074902,77.048454,2026-02-24T02:49,fulfilled
REQ00570,O+,4,Critical,RS Puram,11.015274,76.951164,2026-03-13T05:49,unfulfilled
REQ00571,A+,2,Low,Vadavalli,11.009759,76.926744,2026-09-05T07:49,unfulfilled
REQ00572,AB+,2,Medium,Coimbatore Central,11.007817,76.94236,2026-09-03T16:49,cancelled
REQ00573,O+,5,High,Podanur,10.940215,76.956141,2025-11-25T19:49,cancelled
REQ00574,A+,3,High,Gandhipuram,11.022552,76.974157,2026-05-13T00:49,partially_fulfilled
REQ00575,O+,4,Medium,Gandhipuram,11.027713,76.957837,2026-03-17T23:49,fulfilled
REQ00576,A+,4,High,Singanallur,10.991455,77.037575,2026-03-14T08:49,partially_fulfilled
REQ00577,O+,1,Medium,Gandhipuram,11.017596,76.980548,2025-10-05T09:49,fulfilled
REQ00578,O+,4,Critical,Gandhipuram,11.02672,76.96593,2026-04-19T05:49,partially_fulfilled
REQ00579,O-,3,Medium,Singanallur,10.99128,77.019384,2026-07-16T20:49,fulfilled
REQ00580,O+,2,High,Singanallur,11.014088,77.020751,2026-05-20T02:49,partially_fulfilled
REQ00581,O+,2,High,Vadavalli,11.02617,76.901559,2026-09-14T13:49,fulfilled
REQ00582,O+,4,High,Peelamedu,11.019666,77.035269,2026-06-20T15:49,fulfilled
REQ00583,A+,3,High,Singanallur,11.00914,77.023126,2026-07-28T11:49,unfulfilled
REQ00584,A+,1,Medium,RS Puram,11.008548,76.95617,2026-02-02T10:49,fulfilled
REQ00585,A-,3,Medium,Ukkadam,10.976562,76.951597,2026-08-25T17:49,fulfilled
REQ00586,A-,1,Critical,Ukkadam,10.993083,76.950449,2026-03-29T04:49,fulfilled
REQ00587,A+,2,High,RS Puram,11.005869,76.938993,2026-02-19T06:49,fulfilled
REQ00588,A+,2,Medium,Gandhipuram,11.022746,76.98228,2026-06-05T22:49,cancelled
REQ00589,O-,2,Low,Peelamedu,11.020558,77.024963,2026-07-31T22:49,fulfilled
REQ00590,B+,3,Medium,Vadavalli,11.023279,76.911597,2026-02-01T15:49,unfulfilled
REQ00591,A+,4,Critical,Saibaba Colony,11.015458,76.933552,2025-12-06T21:49,unfulfilled
REQ00592,AB-,4,High,Ukkadam,10.975155,76.963891,2026-05-03T07:49,fulfilled
REQ00593,O+,2,Critical,Singanallur,10.997882,77.043755,2026-06-06T22:49,fulfilled
REQ00594,O+,5,Critical,RS Puram,11.002289,76.943554,2026-02-07T02:49,fulfilled
REQ00595,A+,4,Low,Saibaba Colony,11.009121,76.960559,2026-01-30T01:49,fulfilled
REQ00596,B+,5,Critical,Ukkadam,10.995035,76.973606,2026-02-28T18:49,fulfilled
REQ00597,O+,1,High,Singanallur,11.002497,77.036363,2025-12-18T20:49,fulfilled
REQ00598,O+,3,High,Gandhipuram,11.01365,76.979913,2026-08-08T12:49,partially_fulfilled
REQ00599,A+,2,Critical,Coimbatore Central,10.989685,76.958323,2026-03-01T10:49,fulfilled
REQ00600,O+,5,High,Ukkadam,10.983403,76.97104,2026-07-24T12:49,fulfilled
REQ00601,A+,4,Critical,Saibaba Colony,11.023084,76.947904,2025-10-27T06:49,fulfilled
REQ00602,O+,2,Critical,Vadavalli,11.011936,76.92229,2026-05-17T09:49,unfulfilled
REQ00603,O+,3,High,Podanur,10.950583,76.976615,2025-12-10T04:49,unfulfilled
REQ00604,O+,3,Critical,RS Puram,11.015712,76.961951,2026-02-18T04:49,partially_fulfilled
REQ00605,A-,4,Medium,RS Puram,11.009455,76.946489,2026-04-28T05:49,fulfilled
REQ00606,O+,5,Medium,Ukkadam,10.980695,76.972151,2026-03-05T07:49,fulfilled
REQ00607,O+,5,High,Coimbatore Central,10.994344,76.964976,2025-11-04T07:49,unfulfilled
REQ00608,A-,5,High,Kalapatti,11.068429,77.04343,2026-09-23T04:49,fulfilled
REQ00609,O+,5,Medium,Saibaba Colony,11.026778,76.952815,2026-01-25T03:49,partially_fulfilled
REQ00610,O+,5,Medium,Coimbatore Central,11.013357,76.956038,2025-12-26T00:49,unfulfilled
REQ00611,A+,5,Critical,Kalapatti,11.060513,77.034282,2026-05-31T02:49,cancelled
REQ00612,A+,2,High,Kalapatti,11.076067,77.042187,2026-03-06T22:49,partially_fulfilled
REQ00613,A+,5,Low,Peelamedu,11.020153,77.032624,2026-01-28T15:49,partially_fulfilled
REQ00614,A+,3,High,Singanallur,10.986319,77.024478,2026-08-29T22:49,cancelled
REQ00615,O+,2,High,Vadavalli,11.009492,76.919196,2026-03-07T08:49,fulfilled
REQ00616,B+,5,High,Saibaba Colony,11.023319,76.936382,2026-08-24T18:49,cancelled
REQ00617,O+,4,High,Vadavalli,11.021836,76.902684,2025-10-06T14:49,fulfilled
REQ00618,A+,5,Low,Vadavalli,11.02247,76.898323,2026-01-30T06:49,fulfilled
REQ00619,O+,5,Medium,Ukkadam,10.974452,76.968683,2026-07-28T05:49,fulfilled
REQ00620,O+,5,High,Vadavalli,11.016906,76.903974,2026-07-07T23:49,cancelled
REQ00621,O-,4,Medium,Saibaba Colony,11.028655,76.953564,2026-07-01T21:49,partially_fulfilled
REQ00622,A+,4,Medium,Singanallur,10.991836,77.01435,2026-04-07T10:49,partially_fulfilled
REQ00623,O+,5,High,Kalapatti,11.063402,77.029236,2026-04-29T10:49,fulfilled
REQ00624,A+,1,Medium,RS Puram,11.001853,76.962213,2026-08-27T16:49,fulfilled
REQ00625,A-,2,Low,Vadavalli,11.022673,76.923871,2026-05-26T18:49,fulfilled
REQ00626,O+,3,Critical,Podanur,10.958443,76.976947,2026-07-01T04:49,fulfilled
REQ00627,O-,2,High,Coimbatore Central,10.991728,76.962754,2026-08-10T11:49,fulfilled
REQ00628,O+,2,Medium,Singanallur,10.990319,77.023306,2026-01-18T05:49,cancelled
REQ00629,O+,2,Medium,Kalapatti,11.062668,77.04713,2026-09-16T22:49,fulfilled
REQ00630,B+,5,Medium,Vadavalli,11.016285,76.910832,2026-09-29T22:49,partially_fulfilled
REQ00631,A+,3,Low,Kalapatti,11.070868,77.043453,2025-12-27T02:49,unfulfilled
REQ00632,O-,1,Critical,RS Puram,11.005674,76.951761,2025-12-07T09:49,cancelled
REQ00633,O+,2,High,Saibaba Colony,11.003914,76.950726,2026-09-13T08:49,fulfilled
REQ00634,O-,3,High,Podanur,10.96013,76.97132,2026-03-15T19:49,cancelled
REQ00635,B+,2,Medium,Coimbatore Central,10.992795,76.959817,2025-12-06T10:49,partially_fulfilled
REQ00636,O+,3,Medium,Coimbatore Central,10.994689,76.970156,2025-10-26T07:49,fulfilled
REQ00637,A+,1,Medium,Ukkadam,10.998073,76.96532,2025-10-13T00:49,fulfilled
REQ00638,O+,5,Critical,Peelamedu,11.03921,77.040072,2025-12-22T15:49,cancelled
REQ00639,O+,1,Medium,Kalapatti,11.05722,77.056597,2026-04-29T23:49,partially_fulfilled
REQ00640,A+,5,Medium,Ukkadam,11.00133,76.963058,2026-09-29T01:49,partially_fulfilled
REQ00641,A+,5,Critical,Kalapatti,11.068884,77.044779,2025-10-21T10:49,partially_fulfilled
REQ00642,A+,1,Medium,Vadavalli,11.025854,76.911533,2026-07-13T07:49,fulfilled
REQ00643,B+,1,Low,RS Puram,11.000406,76.954147,2026-08-24T14:49,fulfilled
REQ00644,O-,5,Medium,Podanur,10.944114,76.954478,2025-10-11T10:49,fulfilled
REQ00645,A+,5,Critical,Kalapatti,11.061652,77.049448,2026-07-22T13:49,partially_fulfilled
REQ00646,AB+,4,Medium,Coimbatore Central,11.005784,76.970554,2026-08-03T12:49,fulfilled
REQ00647,AB+,3,Medium,Saibaba Colony,11.008516,76.960113,2026-09-04T04:49,fulfilled
REQ00648,O+,5,High,Gandhipuram,11.014566,76.975305,2026-08-08T03:49,unfulfilled
REQ00649,O+,3,Medium,Ukkadam,10.984336,76.969543,2026-01-03T04:49,fulfilled
REQ00650,B+,5,High,Saibaba Colony,11.025437,76.944925,2025-12-13T02:49,fulfilled
REQ00651,B+,5,High,Coimbatore Central,10.997568,76.958836,2026-02-15T14:49,partially_fulfilled
REQ00652,A+,2,Medium,Podanur,10.956813,76.978488,2026-08-11T03:49,fulfilled
REQ00653,A+,2,Low,Vadavalli,11.009184,76.903522,2025-12-13T05:49,fulfilled
REQ00654,B+,1,High,Vadavalli,11.028409,76.921764,2026-02-09T08:49,fulfilled
REQ00655,A+,1,High,Peelamedu,11.040673,77.014643,2026-07-12T20:49,partially_fulfilled
REQ00656,O+,1,High,Gandhipuram,11.005082,76.975358,2025-12-09T10:49,fulfilled
REQ00657,O+,1,Low,Ukkadam,10.992537,76.950744,2026-04-01T21:49,partially_fulfilled
REQ00658,O+,3,Medium,Kalapatti,11.070122,77.030178,2026-01-03T00:49,fulfilled
REQ00659,O+,5,Medium,Kalapatti,11.066929,77.054126,2026-06-16T08:49,fulfilled
REQ00660,O+,1,High,RS Puram,11.00482,76.941557,2026-07-14T03:49,unfulfilled
REQ00661,O+,2,High,Gandhipuram,11.031041,76.980651,2026-02-05T07:49,fulfilled
REQ00662,B+,5,Medium,Coimbatore Central,10.99206,76.955606,2026-07-15T19:49,partially_fulfilled
REQ00663,A+,5,Medium,Ukkadam,10.982257,76.950472,2025-12-01T14:49,fulfilled
REQ00664,O+,1,Medium,Vadavalli,11.030187,76.904245,2026-09-25T13:49,fulfilled
REQ00665,O+,3,Critical,Kalapatti,11.072663,77.02853,2025-10-15T09:49,cancelled
REQ00666,O+,4,Medium,Coimbatore Central,10.986774,76.952144,2025-10-12T17:49,fulfilled
REQ00667,O+,2,High,Coimbatore Central,11.016032,76.960254,2026-03-16T22:49,fulfilled
REQ00668,AB+,2,High,Singanallur,10.98665,77.03269,2026-04-08T16:49,fulfilled
REQ00669,O+,5,Low,Saibaba Colony,11.020425,76.94396,2026-06-01T22:49,fulfilled
REQ00670,O+,1,Low,Coimbatore Central,11.006919,76.947596,2026-03-07T10:49,fulfilled
REQ00671,A+,1,Medium,Gandhipuram,11.006622,76.978998,2026-06-14T17:49,partially_fulfilled
REQ00672,A+,5,Low,Podanur,10.946783,76.956019,2026-05-20T00:49,fulfilled
REQ00673,O+,3,High,Singanallur,11.000856,77.037238,2026-03-29T18:49,fulfilled
REQ00674,A+,3,Medium,Peelamedu,11.017407,77.011799,2025-11-25T01:49,unfulfilled
REQ00675,A+,4,Critical,Kalapatti,11.068995,77.034633,2026-01-14T20:49,fulfilled
REQ00676,B+,5,High,Kalapatti,11.067612,77.043734,2025-10-08T21:49,fulfilled
REQ00677,AB-,2,High,RS Puram,11.01734,76.950131,2026-02-23T23:49,fulfilled
REQ00678,A+,4,High,Ukkadam,10.975049,76.953379,2026-03-15T05:49,partially_fulfilled
REQ00679,B-,4,High,Coimbatore Central,10.988158,76.953439,2026-09-11T23:49,partially_fulfilled
REQ00680,AB+,2,Low,Podanur,10.957393,76.979385,2026-06-21T10:49,fulfilled
REQ00681,AB+,1,Medium,Saibaba Colony,11.026023,76.95204,2025-10-06T10:49,fulfilled
REQ00682,O+,2,High,Peelamedu,11.023294,77.039731,2026-01-29T15:49,cancelled
REQ00683,O-,2,High,Singanallur,10.997724,77.021361,2026-04-19T15:49,unfulfilled
REQ00684,B-,4,High,Coimbatore Central,11.012598,76.968385,2026-01-21T14:49,fulfilled
REQ00685,A+,4,High,Podanur,10.961205,76.973148,2025-10-23T06:49,partially_fulfilled
REQ00686,O+,5,High,Podanur,10.953558,76.981411,2026-08-17T12:49,unfulfilled
REQ00687,O-,3,Medium,Ukkadam,10.981027,76.949249,2026-01-23T05:49,fulfilled
REQ00688,A+,1,Low,Peelamedu,11.042217,77.012883,2026-02-09T07:49,fulfilled
REQ00689,B+,1,Medium,Singanallur,11.013271,77.025212,2026-04-10T17:49,partially_fulfilled
REQ00690,B+,5,Critical,Podanur,10.965761,76.970426,2026-03-30T05:49,partially_fulfilled
REQ00691,B+,1,Medium,Gandhipuram,11.027973,76.964455,2026-05-21T20:49,fulfilled
REQ00692,B-,1,Medium,Peelamedu,11.024193,77.025477,2026-03-14T01:49,fulfilled
REQ00693,O+,2,Critical,Peelamedu,11.04162,77.013586,2026-01-18T18:49,cancelled
REQ00694,B+,4,High,RS Puram,11.015417,76.937001,2026-06-30T20:49,fulfilled
REQ00695,A+,2,Critical,Coimbatore Central,11.012749,76.968924,2025-10-15T05:49,partially_fulfilled
REQ00696,AB+,4,High,Saibaba Colony,11.032224,76.946847,2026-04-26T23:49,partially_fulfilled
REQ00697,O+,2,Medium,Coimbatore Central,11.000497,76.960764,2026-05-24T13:49,fulfilled
REQ00698,B+,5,High,Coimbatore Central,10.988144,76.944059,2026-02-10T22:49,fulfilled
REQ00699,A-,4,Critical,Kalapatti,11.070697,77.05136,2025-10-20T10:49,fulfilled
REQ00700,B-,1,Low,Peelamedu,11.035016,77.036011,2026-01-11T10:49,fulfilled
REQ00701,O+,4,Medium,Ukkadam,10.980817,76.960071,2026-01-27T03:49,partially_fulfilled
REQ00702,O+,2,Low,RS Puram,10.993337,76.95324,2026-06-17T16:49,partially_fulfilled
REQ00703,A+,3,High,Ukkadam,10.979466,76.94951,2026-03-25T02:49,partially_fulfilled
REQ00704,A-,3,High,Peelamedu,11.018806,77.035096,2026-05-11T00:49,partially_fulfilled
REQ00705,AB-,3,Medium,RS Puram,11.008276,76.965195,2025-12-07T15:49,fulfilled
REQ00706,A+,2,Medium,Ukkadam,10.997966,76.94769,2025-12-27T20:49,fulfilled
REQ00707,A-,4,Medium,Saibaba Colony,11.022656,76.944517,2026-06-19T09:49,fulfilled
REQ00708,A-,3,Medium,Peelamedu,11.034657,77.016005,2025-12-31T14:49,unfulfilled
REQ00709,AB+,3,High,Podanur,10.958632,76.957933,2025-10-29T18:49,fulfilled
REQ00710,A+,2,High,Ukkadam,10.990859,76.972278,2025-11-04T04:49,fulfilled
REQ00711,B-,4,Critical,Coimbatore Central,11.001483,76.961932,2026-08-21T22:49,fulfilled
REQ00712,O+,2,High,Kalapatti,11.056261,77.0458,2026-09-20T09:49,fulfilled
REQ00713,A+,1,Medium,Vadavalli,11.009045,76.91058,2025-12-29T19:49,fulfilled
REQ00714,O+,5,Critical,Peelamedu,11.036749,77.020339,2026-04-26T16:49,fulfilled
REQ00715,B+,4,Low,Podanur,10.961458,76.954016,2026-05-06T04:49,fulfilled
REQ00716,A+,2,Medium,Singanallur,10.987576,77.029102,2026-02-05T06:49,fulfilled
REQ00717,O+,4,High,Gandhipuram,11.030249,76.954801,2026-08-10T14:49,unfulfilled
REQ00718,O+,1,Medium,Vadavalli,11.027465,76.908356,2026-04-07T11:49,fulfilled
REQ00719,O+,3,Medium,RS Puram,11.010702,76.953413,2026-07-18T02:49,partially_fulfilled
REQ00720,O+,5,Low,Vadavalli,11.014686,76.925199,2026-07-23T19:49,fulfilled
REQ00721,A-,5,Low,Podanur,10.960538,76.977689,2026-02-15T21:49,fulfilled
REQ00722,O+,5,Low,Saibaba Colony,11.027411,76.941733,2026-06-25T10:49,fulfilled
REQ00723,O-,5,Medium,Peelamedu,11.044023,77.019795,2026-08-05T17:49,fulfilled
REQ00724,A+,1,Medium,Saibaba Colony,11.024315,76.952689,2026-08-26T12:49,fulfilled
REQ00725,O+,4,Critical,Coimbatore Central,10.996203,76.965338,2026-01-31T09:49,partially_fulfilled
REQ00726,B+,4,Medium,Saibaba Colony,11.015989,76.937506,2026-04-25T12:49,partially_fulfilled
REQ00727,A-,4,Medium,Vadavalli,11.027201,76.907174,2026-06-23T00:49,partially_fulfilled
REQ00728,A-,2,Low,Gandhipuram,11.017238,76.980911,2026-05-18T08:49,partially_fulfilled
REQ00729,A+,2,Critical,Singanallur,10.999305,77.041207,2026-05-01T20:49,partially_fulfilled
REQ00730,O+,2,High,Kalapatti,11.066644,77.043853,2026-03-26T15:49,unfulfilled
REQ00731,A-,1,Critical,Podanur,10.95615,76.963621,2026-01-05T23:49,partially_fulfilled
REQ00732,B+,5,Low,Peelamedu,11.043969,77.018516,2025-12-14T04:49,fulfilled
REQ00733,O+,4,Low,Gandhipuram,11.005417,76.961006,2026-05-24T08:49,unfulfilled
REQ00734,B-,3,High,Ukkadam,10.977116,76.947424,2026-08-28T18:49,cancelled
REQ00735,O+,5,High,RS Puram,11.00581,76.966923,2026-03-03T00:49,fulfilled
REQ00736,O+,3,High,Gandhipuram,11.01736,76.974191,2026-09-26T16:49,cancelled
REQ00737,A+,2,High,Vadavalli,11.023253,76.926929,2026-09-25T16:49,fulfilled
REQ00738,O+,1,Medium,Podanur,10.942039,76.968302,2025-12-31T11:49,fulfilled
REQ00739,A-,5,Medium,Peelamedu,11.041296,77.013424,2025-12-15T13:49,partially_fulfilled
REQ00740,O+,5,High,Singanallur,10.992757,77.02349,2026-09-26T08:49,partially_fulfilled
REQ00741,O+,4,Low,Ukkadam,10.994773,76.957453,2025-11-29T19:49,partially_fulfilled
REQ00742,O+,4,Medium,Podanur,10.962484,76.954549,2026-04-16T11:49,fulfilled
REQ00743,AB+,3,Critical,Gandhipuram,11.025331,76.966227,2026-06-27T15:49,unfulfilled
REQ00744,AB+,5,Critical,Kalapatti,11.078069,77.049317,2026-03-25T11:49,partially_fulfilled
REQ00745,O+,5,Low,Saibaba Colony,11.014041,76.940125,2025-10-16T22:49,cancelled
REQ00746,O-,1,High,Ukkadam,10.980415,76.97081,2026-04-30T15:49,fulfilled
REQ00747,AB+,1,Medium,Podanur,10.947758,76.956696,2026-04-24T15:49,partially_fulfilled
REQ00748,A+,3,Low,Saibaba Colony,11.005554,76.941283,2026-08-03T01:49,fulfilled
REQ00749,A+,1,Medium,Vadavalli,11.015646,76.902031,2026-04-06T01:49,fulfilled
REQ00750,O+,2,Low,Peelamedu,11.019602,77.038209,2026-09-05T06:49,unfulfilled
REQ00751,AB+,5,High,Kalapatti,11.053641,77.043486,2026-03-06T05:49,unfulfilled
REQ00752,O+,1,Medium,Vadavalli,11.013058,76.900644,2026-06-19T06:49,fulfilled
REQ00753,A+,4,Low,Podanur,10.947918,76.97219,2026-08-22T21:49,partially_fulfilled
REQ00754,AB-,5,High,Coimbatore Central,10.987457,76.95046,2026-06-11T14:49,unfulfilled
REQ00755,O+,3,Low,Singanallur,10.998062,77.017061,2026-05-29T16:49,fulfilled
REQ00756,B+,1,High,Vadavalli,11.034224,76.9033,2026-05-24T23:49,unfulfilled
REQ00757,O+,4,High,Saibaba Colony,11.030595,76.950194,2026-03-15T13:49,fulfilled
REQ00758,O+,1,Medium,RS Puram,10.999673,76.947491,2026-06-10T02:49,fulfilled
REQ00759,B+,3,High,Coimbatore Central,11.001394,76.960307,2026-09-09T10:49,unfulfilled
REQ00760,O+,3,Low,Singanallur,11.00121,77.043183,2026-09-11T15:49,partially_fulfilled
REQ00761,A+,2,Critical,Podanur,10.950777,76.972704,2026-02-04T08:49,unfulfilled
REQ00762,A+,3,Medium,Singanallur,11.000698,77.03669,2026-05-04T17:49,cancelled
REQ00763,O+,4,High,Gandhipuram,11.013102,76.955048,2025-12-14T16:49,fulfilled
REQ00764,O+,2,Low,Podanur,10.967122,76.956436,2025-12-26T09:49,fulfilled
REQ00765,O+,4,Medium,Podanur,10.950615,76.959568,2026-01-22T17:49,fulfilled
REQ00766,B-,2,High,Kalapatti,11.074628,77.0459,2026-06-29T07:49,fulfilled
REQ00767,AB+,3,Low,RS Puram,11.007124,76.93755,2026-07-02T18:49,unfulfilled
REQ00768,O-,2,High,Gandhipuram,11.022382,76.972851,2026-07-04T23:49,fulfilled
REQ00769,O+,1,High,Saibaba Colony,11.024832,76.938129,2026-06-03T10:49,unfulfilled
REQ00770,O+,2,Medium,Peelamedu,11.027608,77.038148,2026-03-30T14:49,fulfilled
REQ00771,B+,4,Medium,Peelamedu,11.033938,77.012057,2026-02-26T07:49,fulfilled
REQ00772,O+,5,Medium,Peelamedu,11.029136,77.021659,2026-04-03T01:49,fulfilled
REQ00773,B+,2,Critical,RS Puram,10.998174,76.943852,2026-05-10T03:49,fulfilled
REQ00774,AB+,1,Critical,Singanallur,10.99243,77.032878,2026-07-09T20:49,fulfilled
REQ00775,B+,3,Medium,Singanallur,10.994687,77.043292,2026-02-24T23:49,fulfilled
REQ00776,AB+,4,Critical,Vadavalli,11.028931,76.905748,2026-09-19T20:49,fulfilled
REQ00777,AB+,5,Critical,Peelamedu,11.01678,77.018632,2026-05-12T20:49,partially_fulfilled
REQ00778,B+,4,High,Podanur,10.957566,76.956052,2026-02-21T23:49,partially_fulfilled
REQ00779,A-,3,Critical,Ukkadam,10.98877,76.952827,2026-05-14T19:49,cancelled
REQ00780,A+,1,Medium,Vadavalli,11.008627,76.908939,2026-10-03T08:49,unfulfilled
REQ00781,O+,4,Medium,Gandhipuram,11.004791,76.973083,2026-01-13T01:49,unfulfilled
REQ00782,O+,1,Low,RS Puram,11.016783,76.950923,2026-04-23T10:49,unfulfilled
REQ00783,AB+,2,Medium,Ukkadam,10.996002,76.967127,2026-09-19T14:49,fulfilled
REQ00784,B+,3,Low,Peelamedu,11.035852,77.020473,2026-02-20T15:49,fulfilled
REQ00785,A+,5,Low,Saibaba Colony,11.02676,76.948599,2025-12-28T13:49,fulfilled
REQ00786,A+,3,Medium,RS Puram,11.016628,76.939427,2025-10-26T11:49,fulfilled
REQ00787,A+,1,Low,Podanur,10.956529,76.952572,2026-09-27T17:49,cancelled
REQ00788,O-,3,Critical,Coimbatore Central,10.987804,76.953133,2026-09-14T23:49,unfulfilled
REQ00789,A-,5,Low,RS Puram,10.998019,76.940675,2026-06-24T13:49,fulfilled
REQ00790,O+,4,Critical,Peelamedu,11.020706,77.032368,2025-11-20T12:49,fulfilled
REQ00791,O-,4,High,Coimbatore Central,10.997875,76.943163,2026-06-14T10:49,fulfilled
REQ00792,AB+,1,High,Vadavalli,11.030636,76.907387,2025-11-15T09:49,cancelled
REQ00793,O+,2,Low,Podanur,10.956873,76.959693,2026-02-19T17:49,fulfilled
REQ00794,O+,5,High,Gandhipuram,11.003897,76.968888,2026-07-14T05:49,partially_fulfilled
REQ00795,AB+,1,High,Kalapatti,11.059894,77.052935,2026-03-30T22:49,unfulfilled
REQ00796,B+,5,High,Saibaba Colony,11.011353,76.948264,2026-09-11T20:49,partially_fulfilled
REQ00797,A+,3,Critical,Ukkadam,10.991699,76.954498,2025-11-30T06:49,fulfilled
REQ00798,B+,4,Medium,Vadavalli,11.034123,76.922863,2026-04-24T19:49,unfulfilled
REQ00799,A+,4,Medium,RS Puram,11.012736,76.962777,2026-06-16T12:49,fulfilled
REQ00800,O+,2,Low,Kalapatti,11.072274,77.041122,2026-03-17T16:49,partially_fulfilled
REQ00801,O+,2,Medium,Saibaba Colony,11.024589,76.94785,2025-10-16T20:49,unfulfilled
REQ00802,B+,2,Medium,Vadavalli,11.011923,76.899439,2026-06-13T22:49,fulfilled
REQ00803,B+,4,High,Peelamedu,11.019151,77.040458,2026-07-01T02:49,fulfilled
REQ00804,O+,4,Low,Podanur,10.943324,76.963333,2025-11-01T21:49,fulfilled
REQ00805,O-,1,Medium,Vadavalli,11.034973,76.910069,2026-01-18T12:49,fulfilled
REQ00806,A+,5,Low,Kalapatti,11.072073,77.038184,2026-01-17T23:49,partially_fulfilled
REQ00807,B+,1,Low,Singanallur,10.997058,77.029806,2026-06-04T11:49,fulfilled
REQ00808,O-,1,High,Ukkadam,10.97676,76.955634,2026-03-21T19:49,partially_fulfilled
REQ00809,O-,3,Medium,Singanallur,11.010665,77.030359,2025-11-20T04:49,fulfilled
REQ00810,O-,5,Medium,Podanur,10.946792,76.979163,2026-03-14T23:49,fulfilled
REQ00811,A+,4,High,Vadavalli,11.035899,76.926361,2026-08-27T04:49,fulfilled
REQ00812,O+,1,Low,Saibaba Colony,11.018679,76.93356,2026-03-04T08:49,fulfilled
REQ00813,O+,1,Medium,Peelamedu,11.041091,77.031588,2026-01-08T18:49,partially_fulfilled
REQ00814,A-,3,Low,Vadavalli,11.008035,76.898884,2026-04-23T20:49,partially_fulfilled
REQ00815,O+,4,Medium,Singanallur,11.00342,77.017654,2025-11-29T09:49,fulfilled
REQ00816,A+,2,Critical,Kalapatti,11.07913,77.029247,2026-02-16T14:49,unfulfilled
REQ00817,A+,5,Low,Singanallur,11.007131,77.039011,2025-12-24T22:49,fulfilled
REQ00818,A-,3,Low,Coimbatore Central,11.003243,76.941835,2026-07-27T14:49,fulfilled
REQ00819,B+,3,Low,Singanallur,11.008656,77.025392,2025-11-06T20:49,unfulfilled
REQ00820,B-,4,Medium,RS Puram,10.996042,76.960165,2026-04-06T15:49,fulfilled
REQ00821,O+,2,Medium,Podanur,10.939287,76.980768,2026-01-01T21:49,fulfilled
REQ00822,O-,5,High,Peelamedu,11.024929,77.037987,2026-07-05T19:49,cancelled
REQ00823,A+,3,High,Coimbatore Central,10.996643,76.94405,2025-10-18T17:49,fulfilled
REQ00824,AB+,3,High,Ukkadam,10.986884,76.958979,2026-07-06T02:49,fulfilled
REQ00825,A+,1,Medium,Peelamedu,11.040717,77.01673,2026-04-11T21:49,fulfilled
REQ00826,A+,1,Medium,Peelamedu,11.034236,77.017586,2025-11-10T06:49,fulfilled
REQ00827,B+,4,High,Gandhipuram,11.003759,76.961699,2026-02-10T17:49,cancelled
REQ00828,A-,1,Medium,Podanur,10.954247,76.959022,2026-02-24T04:49,cancelled
REQ00829,A+,2,Medium,Saibaba Colony,11.004212,76.957228,2025-12-01T23:49,fulfilled
REQ00830,O+,3,High,Podanur,10.947339,76.972873,2026-07-06T14:49,fulfilled
REQ00831,B+,3,Critical,Coimbatore Central,10.995367,76.944312,2026-04-15T07:49,cancelled
REQ00832,B-,4,Low,Gandhipuram,11.02382,76.978832,2025-12-12T12:49,partially_fulfilled
REQ00833,O+,2,Low,Podanur,10.953472,76.958201,2025-10-26T12:49,fulfilled
REQ00834,B+,4,Critical,RS Puram,11.017804,76.96641,2026-02-25T17:49,partially_fulfilled
REQ00835,O+,3,High,RS Puram,11.006521,76.950764,2025-12-20T09:49,fulfilled
REQ00836,B-,1,Medium,Singanallur,10.995522,77.037131,2026-09-13T00:49,fulfilled
REQ00837,O+,3,Medium,Coimbatore Central,11.001682,76.949667,2026-09-25T11:49,partially_fulfilled
REQ00838,A+,5,Low,Gandhipuram,11.02508,76.97546,2025-10-25T05:49,fulfilled
REQ00839,A+,5,High,Peelamedu,11.030746,77.01341,2026-03-29T03:49,unfulfilled
REQ00840,O+,5,High,Kalapatti,11.057124,77.05363,2025-11-09T10:49,unfulfilled
REQ00841,O-,4,Low,Podanur,10.955196,76.953874,2026-09-06T00:49,fulfilled
REQ00842,O+,3,High,Ukkadam,10.97533,76.957701,2026-05-12T16:49,cancelled
REQ00843,O+,5,Medium,Podanur,10.938213,76.969428,2026-09-10T10:49,unfulfilled
REQ00844,O-,5,Low,Podanur,10.950191,76.95968,2026-08-25T04:49,fulfilled
REQ00845,O-,5,Low,Ukkadam,10.993131,76.958444,2026-06-16T06:49,fulfilled
REQ00846,B+,1,Medium,Saibaba Colony,11.022058,76.949746,2026-10-01T01:49,unfulfilled
REQ00847,A-,1,High,Singanallur,10.991558,77.036031,2025-11-15T04:49,fulfilled
REQ00848,AB+,5,High,Podanur,10.964274,76.961293,2026-04-30T16:49,fulfilled
REQ00849,A+,2,Critical,Singanallur,11.00441,77.034661,2026-03-07T01:49,fulfilled
REQ00850,A-,3,Medium,Peelamedu,11.017202,77.016566,2025-12-07T18:49,unfulfilled
REQ00851,A+,3,High,Saibaba Colony,11.030606,76.945175,2026-04-16T15:49,unfulfilled
REQ00852,O+,1,Medium,Coimbatore Central,11.003408,76.965353,2026-02-04T22:49,fulfilled
REQ00853,AB+,3,Critical,Kalapatti,11.06533,77.041843,2026-08-24T00:49,fulfilled
REQ00854,O-,5,High,Saibaba Colony,11.030917,76.945323,2025-12-20T17:49,fulfilled
REQ00855,AB-,2,Medium,Podanur,10.941117,76.971785,2026-06-15T09:49,partially_fulfilled
REQ00856,A-,2,Low,Podanur,10.958288,76.9636,2026-07-24T12:49,fulfilled
REQ00857,B+,2,Medium,RS Puram,11.012145,76.947785,2025-11-14T10:49,fulfilled
REQ00858,A+,1,Critical,Podanur,10.946608,76.979411,2026-06-06T17:49,partially_fulfilled
REQ00859,A+,3,Medium,Gandhipuram,11.004025,76.952558,2026-05-03T00:49,fulfilled
REQ00860,A+,2,Low,Vadavalli,11.022962,76.914318,2026-05-03T23:49,fulfilled
REQ00861,A+,2,Critical,Gandhipuram,11.018718,76.972465,2026-04-19T21:49,fulfilled
REQ00862,B+,3,High,RS Puram,11.007837,76.93835,2026-04-08T09:49,fulfilled
REQ00863,O+,1,Medium,Peelamedu,11.016722,77.019028,2026-04-11T22:49,partially_fulfilled
REQ00864,A-,3,Critical,Coimbatore Central,10.997808,76.952242,2026-09-13T18:49,fulfilled
REQ00865,O+,2,High,Singanallur,10.987774,77.038879,2026-03-08T05:49,fulfilled
REQ00866,A+,4,Critical,Saibaba Colony,11.008602,76.960189,2026-05-22T03:49,partially_fulfilled
REQ00867,A+,3,Medium,Gandhipuram,11.008937,76.958436,2025-11-28T08:49,partially_fulfilled
REQ00868,O+,3,Low,Saibaba Colony,11.022033,76.940602,2026-04-30T12:49,unfulfilled
REQ00869,O+,1,Low,Podanur,10.964125,76.95722,2025-10-19T01:49,partially_fulfilled
REQ00870,A+,5,High,Singanallur,11.009621,77.021104,2025-12-31T07:49,fulfilled
REQ00871,AB+,5,Critical,Kalapatti,11.071975,77.047521,2025-11-11T12:49,fulfilled
REQ00872,O+,2,Critical,Kalapatti,11.057554,77.052776,2026-06-18T04:49,partially_fulfilled
REQ00873,O-,1,Medium,Saibaba Colony,11.029219,76.956364,2025-12-07T23:49,fulfilled
REQ00874,B+,3,Critical,Podanur,10.95975,76.975819,2026-04-08T15:49,cancelled
REQ00875,AB+,4,Medium,Ukkadam,10.98224,76.962858,2026-03-22T20:49,unfulfilled
REQ00876,A+,5,High,Podanur,10.957472,76.960016,2026-04-23T04:49,fulfilled
REQ00877,O+,1,Low,Peelamedu,11.028348,77.038002,2026-07-09T02:49,fulfilled
REQ00878,AB+,1,High,Kalapatti,11.054356,77.049475,2026-03-04T05:49,partially_fulfilled
REQ00879,A+,3,High,Gandhipuram,11.024394,76.976759,2026-09-10T21:49,fulfilled
REQ00880,O-,5,High,Saibaba Colony,11.024215,76.943244,2026-07-27T04:49,unfulfilled
REQ00881,B+,2,Low,Gandhipuram,11.011437,76.954489,2025-11-08T21:49,partially_fulfilled
REQ00882,O+,3,High,Gandhipuram,11.021483,76.971475,2025-10-17T21:49,fulfilled
REQ00883,O+,2,High,Singanallur,11.00132,77.020267,2026-02-12T02:49,unfulfilled
REQ00884,A+,2,Medium,Vadavalli,11.010447,76.905408,2026-09-20T21:49,partially_fulfilled
REQ00885,O-,5,Medium,Kalapatti,11.055756,77.050424,2026-05-18T04:49,fulfilled
REQ00886,O+,5,Medium,Podanur,10.950618,76.968044,2026-05-14T12:49,fulfilled
REQ00887,O+,1,Critical,RS Puram,11.000092,76.964292,2026-03-17T02:49,unfulfilled
REQ00888,A+,5,Critical,Peelamedu,11.025468,77.027718,2026-04-25T23:49,partially_fulfilled
REQ00889,A+,1,Medium,Podanur,10.96085,76.957872,2026-03-07T15:49,fulfilled
REQ00890,O+,5,Medium,Vadavalli,11.020133,76.907491,2025-10-23T13:49,fulfilled
REQ00891,O+,2,High,Singanallur,11.015598,77.042126,2026-01-09T15:49,fulfilled
REQ00892,O-,4,Critical,Ukkadam,11.003562,76.957281,2026-09-11T01:49,fulfilled
REQ00893,O+,2,Medium,Kalapatti,11.061509,77.050089,2026-04-01T16:49,cancelled
REQ00894,AB+,2,High,Ukkadam,11.003625,76.958508,2026-04-06T21:49,unfulfilled
REQ00895,O+,2,High,RS Puram,11.009064,76.938196,2026-05-25T04:49,fulfilled
REQ00896,B-,1,Low,Singanallur,10.991875,77.017498,2026-04-01T09:49,fulfilled
REQ00897,A+,3,High,Ukkadam,10.983398,76.971457,2026-03-14T04:49,partially_fulfilled
REQ00898,O+,5,Critical,RS Puram,11.00789,76.941558,2025-10-09T02:49,unfulfilled
REQ00899,AB+,1,High,Vadavalli,11.010836,76.920844,2025-10-19T22:49,fulfilled
REQ00900,O+,3,High,Singanallur,10.990748,77.026467,2026-02-22T10:49,fulfilled
REQ00901,O+,5,Critical,Saibaba Colony,11.018034,76.955888,2026-04-16T10:49,fulfilled
REQ00902,O+,4,High,Vadavalli,11.023411,76.899584,2026-02-15T06:49,fulfilled
REQ00903,A+,5,Medium,Singanallur,10.998682,77.043084,2026-05-10T13:49,cancelled
REQ00904,A+,2,Low,Gandhipuram,11.024917,76.974483,2026-04-11T14:49,unfulfilled
REQ00905,O+,4,Medium,Kalapatti,11.069681,77.043172,2026-03-30T01:49,fulfilled
REQ00906,A+,4,High,Coimbatore Central,10.998497,76.967194,2026-02-02T19:49,fulfilled
REQ00907,O+,1,High,Saibaba Colony,11.007015,76.953891,2026-09-24T01:49,fulfilled
REQ00908,A+,5,High,Podanur,10.955969,76.957571,2026-04-23T07:49,fulfilled
REQ00909,O+,4,Medium,Podanur,10.945717,76.979443,2026-08-24T11:49,fulfilled
REQ00910,AB-,2,High,Peelamedu,11.014785,77.035204,2026-09-08T04:49,fulfilled
REQ00911,O+,3,Critical,RS Puram,11.001035,76.963274,2026-04-06T18:49,fulfilled
REQ00912,O+,5,Medium,Singanallur,11.015393,77.014018,2026-01-25T00:49,cancelled
REQ00913,A-,3,High,RS Puram,11.002311,76.957862,2025-12-20T21:49,fulfilled
REQ00914,O+,2,Medium,Singanallur,10.999896,77.024761,2026-02-07T03:49,partially_fulfilled
REQ00915,A+,5,Medium,Vadavalli,11.020213,76.915808,2026-05-02T02:49,partially_fulfilled
REQ00916,A+,5,Critical,Vadavalli,11.024845,76.909538,2026-06-16T14:49,unfulfilled
REQ00917,B+,4,High,Kalapatti,11.059798,77.052356,2026-07-12T03:49,unfulfilled
REQ00918,O-,3,High,Vadavalli,11.025806,76.902465,2026-01-11T07:49,fulfilled
REQ00919,O+,5,High,Gandhipuram,11.029317,76.960711,2026-06-21T15:49,unfulfilled
REQ00920,B+,5,Low,Saibaba Colony,11.027775,76.96051,2025-12-21T10:49,unfulfilled
REQ00921,B+,2,Medium,Kalapatti,11.057934,77.046077,2026-02-22T12:49,partially_fulfilled
REQ00922,A-,5,Medium,Gandhipuram,11.009478,76.960983,2026-09-19T15:49,fulfilled
REQ00923,B+,5,Critical,Saibaba Colony,11.02622,76.934889,2025-11-06T02:49,fulfilled
REQ00924,A-,4,Low,Ukkadam,10.977705,76.946049,2026-01-19T20:49,fulfilled
REQ00925,O+,1,High,Vadavalli,11.012079,76.92421,2025-12-22T18:49,fulfilled
REQ00926,AB+,3,High,Singanallur,10.994679,77.025549,2026-05-02T20:49,partially_fulfilled
REQ00927,O-,3,Medium,Coimbatore Central,10.993523,76.961901,2026-07-15T16:49,partially_fulfilled
REQ00928,O+,3,Medium,Saibaba Colony,11.027611,76.944439,2026-08-27T14:49,fulfilled
REQ00929,O+,5,Medium,Vadavalli,11.029638,76.927801,2026-07-17T14:49,fulfilled
REQ00930,A+,4,Critical,Peelamedu,11.025189,77.033246,2026-02-12T01:49,partially_fulfilled
REQ00931,A+,5,Medium,Podanur,10.949874,76.960958,2025-12-24T23:49,cancelled
REQ00932,A+,1,Low,Gandhipuram,11.011864,76.960756,2026-04-13T16:49,unfulfilled
REQ00933,A+,3,Critical,Coimbatore Central,11.005043,76.944818,2026-04-28T20:49,fulfilled
REQ00934,A+,4,High,Ukkadam,10.996024,76.960345,2026-03-17T09:49,fulfilled
REQ00935,A+,3,Critical,RS Puram,10.995109,76.966532,2026-08-27T08:49,fulfilled
REQ00936,B+,5,Critical,Ukkadam,11.00247,76.958917,2026-10-01T18:49,fulfilled
REQ00937,B+,5,Medium,Coimbatore Central,10.991651,76.944756,2026-04-02T15:49,partially_fulfilled
REQ00938,O+,3,Low,Kalapatti,11.076002,77.045164,2025-11-19T06:49,partially_fulfilled
REQ00939,O+,4,Critical,Saibaba Colony,11.01705,76.955109,2026-09-17T10:49,unfulfilled
REQ00940,O-,1,Low,Saibaba Colony,11.021197,76.957172,2026-08-23T21:49,fulfilled
REQ00941,A-,4,Critical,Peelamedu,11.040997,77.015643,2026-01-31T06:49,partially_fulfilled
REQ00942,O+,1,Medium,Vadavalli,11.027173,76.90044,2026-05-18T07:49,fulfilled
REQ00943,A+,5,High,Saibaba Colony,11.031491,76.953207,2026-03-08T06:49,fulfilled
REQ00944,A-,2,Low,RS Puram,11.020534,76.952524,2026-05-18T00:49,unfulfilled
REQ00945,O+,3,High,Ukkadam,10.99526,76.973681,2026-03-21T06:49,partially_fulfilled
REQ00946,A-,5,High,Singanallur,11.007455,77.03105,2026-09-15T03:49,partially_fulfilled
REQ00947,A+,4,Medium,RS Puram,11.013746,76.939878,2026-07-28T17:49,fulfilled
REQ00948,O-,1,High,Saibaba Colony,11.011674,76.943433,2026-03-14T21:49,unfulfilled
REQ00949,O+,1,Medium,Singanallur,11.01218,77.02602,2025-11-17T20:49,fulfilled
REQ00950,AB-,2,Low,Coimbatore Central,11.000852,76.960035,2025-12-17T01:49,fulfilled
REQ00951,A+,1,High,Saibaba Colony,11.028009,76.942393,2026-05-03T06:49,fulfilled
REQ00952,B+,1,Low,Peelamedu,11.015324,77.019241,2026-04-03T03:49,partially_fulfilled
REQ00953,B+,1,Medium,Peelamedu,11.025404,77.020771,2026-09-18T03:49,fulfilled
REQ00954,O-,2,Medium,RS Puram,11.005304,76.952736,2026-09-23T18:49,unfulfilled
REQ00955,B+,4,High,Vadavalli,11.018714,76.923174,2026-07-30T06:49,unfulfilled
REQ00956,A+,3,Low,Kalapatti,11.082915,77.05121,2026-05-17T01:49,fulfilled
REQ00957,O+,4,Medium,Vadavalli,11.010084,76.90911,2026-08-06T21:49,fulfilled
REQ00958,O+,3,High,Saibaba Colony,11.018724,76.952014,2026-01-10T19:49,fulfilled
REQ00959,O-,1,High,Vadavalli,11.009271,76.917742,2025-10-15T20:49,unfulfilled
REQ00960,A+,2,Medium,Podanur,10.945606,76.971876,2026-04-18T02:49,fulfilled
REQ00961,O+,2,Low,Ukkadam,11.003365,76.950421,2026-07-01T13:49,partially_fulfilled
REQ00962,O+,1,Medium,Vadavalli,11.014765,76.90737,2026-01-09T10:49,partially_fulfilled
REQ00963,O+,1,Low,Podanur,10.939614,76.959388,2025-11-19T15:49,fulfilled
REQ00964,A+,2,Medium,RS Puram,11.020251,76.947498,2026-04-07T05:49,unfulfilled
REQ00965,O+,2,Medium,Singanallur,11.008319,77.033759,2026-01-18T00:49,fulfilled
REQ00966,A+,5,High,Ukkadam,10.999885,76.952156,2026-04-01T19:49,fulfilled
REQ00967,A+,3,Medium,Saibaba Colony,11.006816,76.959499,2025-11-17T01:49,fulfilled
REQ00968,O+,4,Medium,Singanallur,11.006928,77.017685,2026-07-23T06:49,unfulfilled
REQ00969,O+,3,Critical,Ukkadam,11.002104,76.974394,2026-07-01T14:49,unfulfilled
REQ00970,B-,4,Medium,Vadavalli,11.018139,76.924544,2025-10-16T01:49,partially_fulfilled
REQ00971,A+,2,Low,Kalapatti,11.074153,77.037261,2026-03-07T21:49,partially_fulfilled
REQ00972,B+,4,Low,Ukkadam,11.001002,76.969618,2026-02-10T06:49,fulfilled
REQ00973,B+,2,Critical,Peelamedu,11.04232,77.012672,2026-04-06T13:49,fulfilled
REQ00974,A+,3,Medium,Singanallur,10.986887,77.024334,2026-06-10T23:49,partially_fulfilled
REQ00975,B+,2,High,Podanur,10.952627,76.956261,2025-12-05T23:49,partially_fulfilled
REQ00976,B+,4,Medium,Peelamedu,11.037458,77.019836,2026-07-24T08:49,fulfilled
REQ00977,O+,1,Medium,Saibaba Colony,11.032153,76.93687,2026-02-08T23:49,unfulfilled
REQ00978,A+,1,Critical,Vadavalli,11.033396,76.898546,2026-02-01T08:49,unfulfilled
REQ00979,B-,1,High,Coimbatore Central,11.00884,76.95213,2025-10-04T12:49,fulfilled
REQ00980,O-,2,Low,Vadavalli,11.020972,76.924318,2025-10-07T15:49,fulfilled
REQ00981,O+,3,Medium,Kalapatti,11.081201,77.046914,2026-06-21T16:49,partially_fulfilled
REQ00982,O-,3,Medium,Gandhipuram,11.010738,76.968067,2026-08-26T01:49,fulfilled
REQ00983,O-,3,High,Peelamedu,11.040694,77.01975,2026-06-04T00:49,fulfilled
REQ00984,AB+,1,Low,Vadavalli,11.032527,76.913207,2025-10-23T01:49,partially_fulfilled
REQ00985,A+,5,Medium,Singanallur,10.999693,77.029534,2026-06-20T23:49,unfulfilled
REQ00986,AB+,5,Medium,RS Puram,11.01732,76.951134,2026-05-30T10:49,unfulfilled
REQ00987,O+,5,Medium,Gandhipuram,11.006597,76.964816,2025-10-11T23:49,partially_fulfilled
REQ00988,A+,4,Critical,Vadavalli,11.035959,76.921229,2025-11-11T08:49,partially_fulfilled
REQ00989,B-,3,High,RS Puram,11.007708,76.937759,2026-04-12T11:49,fulfilled
REQ00990,A-,3,Low,Saibaba Colony,11.023469,76.953269,2026-07-09T20:49,partially_fulfilled
REQ00991,O-,1,Medium,Ukkadam,10.976882,76.947387,2026-03-24T22:49,fulfilled
REQ00992,A-,4,Critical,RS Puram,11.019926,76.947597,2026-04-23T13:49,partially_fulfilled
REQ00993,O+,5,Medium,RS Puram,10.995615,76.957424,2026-02-18T16:49,unfulfilled
REQ00994,A+,1,Low,Peelamedu,11.030278,77.012226,2026-06-30T20:49,fulfilled
REQ00995,A+,5,Critical,Coimbatore Central,11.01059,76.968379,2026-01-23T15:49,fulfilled
REQ00996,O+,1,Medium,Ukkadam,10.986518,76.959184,2025-12-25T23:49,fulfilled
REQ00997,A+,4,High,Kalapatti,11.05961,77.045956,2026-04-26T15:49,partially_fulfilled
REQ00998,B+,3,Medium,Gandhipuram,11.005066,76.958385,2025-10-22T14:49,partially_fulfilled
REQ00999,AB+,3,Low,Podanur,10.957835,76.958549,2026-08-08T14:49,fulfilled
REQ01000,O+,1,Low,Vadavalli,11.018297,76.90512,2026-01-29T08:49,partially_fulfilled
REQ01001,O-,5,Low,Gandhipuram,11.0301,76.970105,2025-11-23T08:49,fulfilled
REQ01002,O+,2,High,RS Puram,11.009711,76.947216,2026-08-24T18:49,unfulfilled
REQ01003,A-,3,High,Singanallur,10.997504,77.02631,2026-04-09T05:49,partially_fulfilled
REQ01004,O+,2,Medium,Coimbatore Central,10.987424,76.953103,2025-12-30T00:49,unfulfilled
REQ01005,B+,3,Critical,Singanallur,10.995139,77.028164,2026-02-23T19:49,cancelled
REQ01006,O+,5,High,Coimbatore Central,11.001972,76.9447,2026-07-25T17:49,fulfilled
REQ01007,B+,5,High,Gandhipuram,11.007836,76.959356,2026-02-10T12:49,fulfilled
REQ01008,O+,4,Low,Peelamedu,11.025017,77.034099,2026-03-30T12:49,fulfilled
REQ01009,O+,1,Critical,Podanur,10.964977,76.962463,2026-09-26T11:49,partially_fulfilled
REQ01010,O+,5,Critical,Saibaba Colony,11.009949,76.959488,2026-04-06T00:49,fulfilled
REQ01011,O-,1,Medium,Vadavalli,11.033398,76.902142,2026-06-21T23:49,partially_fulfilled
REQ01012,A+,3,Medium,Vadavalli,11.016885,76.911896,2026-02-01T07:49,fulfilled
REQ01013,A+,3,Medium,Singanallur,11.010976,77.020002,2026-06-11T22:49,fulfilled
REQ01014,A+,2,High,Kalapatti,11.075576,77.035856,2026-07-08T02:49,fulfilled
REQ01015,O+,3,Medium,RS Puram,11.005079,76.956351,2026-10-01T05:49,partially_fulfilled
REQ01016,A+,5,Medium,Coimbatore Central,10.999742,76.960187,2026-04-02T02:49,partially_fulfilled
REQ01017,O-,1,High,RS Puram,10.991731,76.959504,2026-06-29T17:49,fulfilled
REQ01018,O+,3,High,Coimbatore Central,10.99775,76.970329,2026-04-27T05:49,cancelled
REQ01019,O-,3,Medium,Singanallur,11.003788,77.01835,2026-02-09T07:49,fulfilled
REQ01020,A-,4,Medium,Gandhipuram,11.031928,76.964404,2026-02-14T09:49,partially_fulfilled
REQ01021,O+,1,High,RS Puram,11.020958,76.964001,2026-07-16T03:49,fulfilled
REQ01022,O+,3,Critical,Gandhipuram,11.005296,76.961369,2025-10-21T12:49,fulfilled
REQ01023,A+,5,Medium,Peelamedu,11.015048,77.028014,2025-12-17T00:49,cancelled
REQ01024,O+,4,Low,Podanur,10.946,76.965614,2025-11-19T19:49,fulfilled
REQ01025,O-,1,Low,Podanur,10.947551,76.977206,2025-12-01T01:49,fulfilled
REQ01026,A+,2,Critical,Singanallur,11.004493,77.02035,2026-05-11T05:49,fulfilled
REQ01027,B+,4,Medium,Kalapatti,11.063168,77.029763,2025-11-01T13:49,fulfilled
REQ01028,O+,3,High,Gandhipuram,11.022485,76.978468,2026-01-15T23:49,unfulfilled
REQ01029,O-,1,High,Saibaba Colony,11.029216,76.936844,2026-09-17T00:49,fulfilled
REQ01030,A+,5,Critical,Podanur,10.956943,76.971356,2026-04-30T17:49,partially_fulfilled
REQ01031,A+,4,Critical,Ukkadam,10.99431,76.954765,2025-10-25T18:49,fulfilled
REQ01032,O+,3,Medium,Kalapatti,11.082162,77.028728,2026-05-15T05:49,fulfilled
REQ01033,O+,3,High,Singanallur,10.994384,77.018209,2026-09-09T08:49,fulfilled
REQ01034,O+,3,Medium,Podanur,10.938899,76.962692,2025-10-29T13:49,partially_fulfilled
REQ01035,O-,2,Medium,Singanallur,10.996061,77.038443,2026-01-04T14:49,partially_fulfilled
REQ01036,AB+,3,Low,Podanur,10.961315,76.968742,2026-06-15T21:49,partially_fulfilled
REQ01037,O+,2,Low,Singanallur,11.00603,77.036766,2026-05-25T05:49,fulfilled
REQ01038,B-,2,High,Singanallur,10.995356,77.02512,2026-05-10T03:49,partially_fulfilled
REQ01039,O+,4,Medium,Ukkadam,10.999932,76.950939,2026-05-02T23:49,fulfilled
REQ01040,B+,4,High,Peelamedu,11.030363,77.023439,2026-04-25T04:49,fulfilled
REQ01041,A+,1,Medium,Vadavalli,11.033973,76.925042,2026-06-05T13:49,unfulfilled
REQ01042,B+,5,Low,Podanur,10.948769,76.961707,2025-11-19T12:49,fulfilled
REQ01043,O+,1,Medium,Singanallur,11.00197,77.016073,2026-07-06T18:49,partially_fulfilled
REQ01044,O+,2,Medium,RS Puram,10.999527,76.961231,2026-04-17T00:49,fulfilled
REQ01045,O+,3,Medium,Kalapatti,11.074937,77.050536,2026-02-27T04:49,partially_fulfilled
REQ01046,O+,1,Medium,Kalapatti,11.054636,77.053217,2026-06-15T02:49,fulfilled
REQ01047,O-,3,Medium,Coimbatore Central,10.995508,76.94941,2026-06-17T01:49,unfulfilled
REQ01048,O+,5,Critical,Kalapatti,11.061286,77.053126,2026-08-30T12:49,fulfilled
REQ01049,A+,3,Low,Singanallur,10.990176,77.036092,2026-04-16T01:49,cancelled
REQ01050,O+,1,Low,Peelamedu,11.03214,77.037391,2026-03-05T10:49,fulfilled
REQ01051,O-,1,Medium,Singanallur,11.006264,77.025603,2026-04-05T13:49,cancelled
REQ01052,O+,4,Critical,Gandhipuram,11.020179,76.972296,2026-06-11T02:49,fulfilled
REQ01053,A+,3,High,Singanallur,10.993497,77.031923,2026-01-27T02:49,fulfilled
REQ01054,O+,3,Critical,RS Puram,10.999189,76.961281,2025-12-26T22:49,partially_fulfilled
REQ01055,O-,3,High,Coimbatore Central,11.015875,76.950271,2026-07-06T07:49,unfulfilled
REQ01056,O+,3,Critical,Vadavalli,11.032468,76.92402,2025-12-23T02:49,partially_fulfilled
REQ01057,O+,4,High,Ukkadam,11.000427,76.966049,2025-12-13T20:49,fulfilled
REQ01058,B-,3,Medium,RS Puram,11.008134,76.956052,2026-08-28T00:49,fulfilled
REQ01059,O+,2,Medium,RS Puram,10.995653,76.938905,2026-02-18T05:49,unfulfilled
REQ01060,A-,1,Critical,RS Puram,11.020341,76.957505,2026-05-30T23:49,fulfilled
REQ01061,B+,1,Low,RS Puram,11.010405,76.943405,2026-09-08T00:49,fulfilled
REQ01062,A-,3,High,Peelamedu,11.019997,77.012961,2026-07-05T01:49,cancelled
REQ01063,A+,3,Critical,Ukkadam,10.990239,76.96895,2026-04-19T13:49,partially_fulfilled
REQ01064,O+,4,Low,Vadavalli,11.025641,76.917732,2026-06-16T02:49,fulfilled
REQ01065,O+,1,High,Kalapatti,11.067866,77.041624,2026-09-17T07:49,fulfilled
REQ01066,O+,4,Low,Singanallur,11.014258,77.035888,2025-10-31T13:49,partially_fulfilled
REQ01067,O-,4,Low,Kalapatti,11.06697,77.051449,2026-05-07T20:49,fulfilled
REQ01068,B+,2,Low,Peelamedu,11.024269,77.020627,2025-10-17T02:49,partially_fulfilled
REQ01069,O+,1,Critical,RS Puram,11.020086,76.950688,2026-06-21T15:49,fulfilled
REQ01070,A+,5,Medium,RS Puram,11.014801,76.945257,2025-12-24T15:49,fulfilled
REQ01071,O+,5,Low,Kalapatti,11.069384,77.050653,2026-08-16T19:49,fulfilled
REQ01072,O+,5,Medium,Kalapatti,11.06632,77.046222,2025-12-18T15:49,fulfilled
REQ01073,O+,5,High,Gandhipuram,11.010524,76.970094,2026-03-29T22:49,cancelled
REQ01074,A+,3,High,RS Puram,10.993912,76.949986,2025-10-15T22:49,partially_fulfilled
REQ01075,O+,1,High,Podanur,10.960031,76.965909,2026-04-07T03:49,cancelled
REQ01076,B-,1,Low,Ukkadam,10.974036,76.960283,2026-06-26T13:49,fulfilled
REQ01077,B+,1,High,Coimbatore Central,11.000038,76.954627,2026-07-24T03:49,fulfilled
REQ01078,O+,4,Critical,RS Puram,10.99712,76.944761,2026-03-25T08:49,fulfilled
REQ01079,A-,3,Medium,Podanur,10.95521,76.959746,2026-08-08T13:49,partially_fulfilled
REQ01080,A+,2,Medium,Coimbatore Central,11.004131,76.944849,2026-04-26T00:49,fulfilled
REQ01081,O+,1,Low,RS Puram,11.002467,76.965431,2025-10-22T06:49,fulfilled
REQ01082,O+,5,Medium,Kalapatti,11.064594,77.049466,2025-11-07T20:49,unfulfilled
REQ01083,O+,3,Medium,Vadavalli,11.012997,76.9022,2026-07-09T23:49,unfulfilled
REQ01084,AB+,1,Medium,Gandhipuram,11.009837,76.956455,2026-09-30T18:49,partially_fulfilled
REQ01085,O-,3,Critical,Peelamedu,11.026321,77.013144,2026-04-04T02:49,fulfilled
REQ01086,A-,3,Low,Saibaba Colony,11.013983,76.952229,2026-05-28T10:49,fulfilled
REQ01087,O-,5,Low,Peelamedu,11.017227,77.032477,2026-09-28T01:49,fulfilled
REQ01088,O+,5,High,Vadavalli,11.035595,76.903181,2026-02-20T12:49,unfulfilled
REQ01089,B+,4,Critical,Peelamedu,11.01465,77.034022,2026-01-12T17:49,cancelled
REQ01090,O+,2,High,Ukkadam,10.983751,76.958637,2026-07-15T23:49,partially_fulfilled
REQ01091,A+,4,Critical,Vadavalli,11.030625,76.902895,2025-10-28T13:49,fulfilled
REQ01092,B+,3,Medium,Gandhipuram,11.008145,76.969704,2026-01-21T01:49,partially_fulfilled
REQ01093,AB+,2,High,Peelamedu,11.042431,77.019935,2026-05-26T02:49,fulfilled
REQ01094,O+,5,Critical,Gandhipuram,11.005395,76.962076,2026-01-25T07:49,unfulfilled
REQ01095,A-,5,Medium,RS Puram,11.002296,76.94318,2026-01-23T10:49,fulfilled
REQ01096,O+,3,Low,Peelamedu,11.042394,77.016867,2025-12-02T21:49,partially_fulfilled
REQ01097,O+,5,Medium,RS Puram,10.991893,76.952771,2026-05-06T13:49,fulfilled
REQ01098,B-,2,Medium,Singanallur,10.985673,77.040151,2026-09-27T06:49,cancelled
REQ01099,AB+,3,High,Vadavalli,11.028456,76.916013,2026-06-29T05:49,fulfilled
REQ01100,O+,5,Low,Podanur,10.945125,76.97646,2026-05-31T01:49,fulfilled
REQ01101,A+,5,High,Singanallur,11.002609,77.014355,2026-07-23T22:49,fulfilled
REQ01102,AB+,2,Medium,Ukkadam,10.987083,76.962349,2026-02-15T20:49,fulfilled
REQ01103,O+,3,High,Coimbatore Central,10.991603,76.962754,2025-12-25T13:49,partially_fulfilled
REQ01104,O+,3,Medium,Kalapatti,11.06864,77.040532,2026-03-13T10:49,unfulfilled
REQ01105,O+,3,High,Ukkadam,10.979549,76.956383,2026-02-23T13:49,fulfilled
REQ01106,O+,2,Critical,Ukkadam,10.989269,76.961888,2026-08-07T19:49,fulfilled
REQ01107,A+,2,High,Saibaba Colony,11.029965,76.955216,2025-12-03T07:49,cancelled
REQ01108,O+,1,High,Saibaba Colony,11.023081,76.934843,2026-08-06T14:49,fulfilled
REQ01109,A+,4,High,Peelamedu,11.033443,77.01479,2025-12-06T13:49,partially_fulfilled
REQ01110,AB+,1,Medium,Kalapatti,11.064071,77.03071,2026-03-07T02:49,partially_fulfilled
REQ01111,A+,2,Medium,Coimbatore Central,10.999002,76.94971,2026-09-13T14:49,fulfilled
REQ01112,B+,4,High,Podanur,10.948441,76.971774,2026-08-28T14:49,unfulfilled
REQ01113,B+,1,High,Saibaba Colony,11.028465,76.954127,2026-07-22T17:49,partially_fulfilled
REQ01114,O+,2,Low,Ukkadam,10.99188,76.974983,2026-08-24T03:49,fulfilled
REQ01115,A+,5,Low,Gandhipuram,11.007619,76.95486,2026-03-11T06:49,unfulfilled
REQ01116,O+,1,Low,Ukkadam,10.988756,76.961591,2026-02-27T17:49,fulfilled
REQ01117,O+,2,Medium,RS Puram,11.009743,76.9482,2026-04-15T19:49,fulfilled
REQ01118,O+,4,High,Peelamedu,11.021517,77.017646,2026-09-01T13:49,unfulfilled
REQ01119,B+,2,High,Gandhipuram,11.017273,76.959226,2026-05-31T09:49,fulfilled
REQ01120,B-,1,Low,Vadavalli,11.023447,76.906585,2026-06-23T18:49,fulfilled
REQ01121,AB+,3,Low,Saibaba Colony,11.013593,76.955098,2026-09-16T16:49,cancelled
REQ01122,O-,2,Critical,Coimbatore Central,11.012428,76.955666,2026-06-10T20:49,fulfilled
REQ01123,O-,5,Medium,Ukkadam,10.986262,76.971527,2026-02-28T01:49,fulfilled
REQ01124,A+,1,Medium,Vadavalli,11.030458,76.906274,2026-06-15T03:49,partially_fulfilled
REQ01125,A+,4,Low,Kalapatti,11.068999,77.034427,2026-08-22T19:49,fulfilled
REQ01126,O+,5,Medium,Kalapatti,11.082938,77.055811,2026-10-01T04:49,partially_fulfilled
REQ01127,A+,2,Critical,Vadavalli,11.022341,76.911361,2026-08-09T12:49,fulfilled
REQ01128,O+,1,High,Kalapatti,11.072786,77.048127,2026-07-19T05:49,fulfilled
REQ01129,O-,4,Low,Gandhipuram,11.032469,76.972379,2026-01-02T22:49,partially_fulfilled
REQ01130,O+,1,Low,Singanallur,11.015141,77.019906,2026-08-05T13:49,fulfilled
REQ01131,O+,5,High,Vadavalli,11.025013,76.924219,2026-04-07T10:49,fulfilled
REQ01132,O+,1,Medium,Ukkadam,10.989906,76.971986,2025-12-05T15:49,fulfilled
REQ01133,O+,3,Critical,Gandhipuram,11.023002,76.967444,2026-04-18T16:49,unfulfilled
REQ01134,B-,2,Critical,Singanallur,10.998592,77.025034,2026-09-15T13:49,partially_fulfilled
REQ01135,AB+,2,Medium,Saibaba Colony,11.015863,76.954929,2026-02-21T07:49,unfulfilled
REQ01136,O-,2,High,Singanallur,11.010434,77.015488,2026-03-22T16:49,fulfilled
REQ01137,A+,2,Low,Ukkadam,10.985005,76.947763,2026-08-07T10:49,partially_fulfilled
REQ01138,A+,1,High,Saibaba Colony,11.029459,76.958082,2026-08-19T13:49,fulfilled
REQ01139,AB+,3,High,Ukkadam,10.978765,76.959951,2026-02-16T18:49,fulfilled
REQ01140,O+,3,Low,Gandhipuram,11.0078,76.976573,2026-03-23T14:49,unfulfilled
REQ01141,O+,4,Critical,Peelamedu,11.044599,77.041595,2026-06-16T14:49,fulfilled
REQ01142,O+,3,Medium,Coimbatore Central,11.01511,76.944556,2025-10-28T23:49,fulfilled
REQ01143,A-,4,Medium,Podanur,10.964893,76.963347,2026-08-16T06:49,fulfilled
REQ01144,A+,5,High,Singanallur,10.988322,77.028276,2026-05-17T16:49,fulfilled
REQ01145,A+,5,Critical,Podanur,10.95867,76.979114,2026-02-16T10:49,fulfilled
REQ01146,O+,1,Low,Coimbatore Central,10.989305,76.958051,2025-12-29T00:49,unfulfilled
REQ01147,O+,5,Low,Gandhipuram,11.028054,76.966033,2025-10-25T15:49,fulfilled
REQ01148,O+,5,High,Saibaba Colony,11.005959,76.944481,2026-10-02T12:49,partially_fulfilled
REQ01149,A+,1,High,Coimbatore Central,11.003063,76.957235,2026-08-06T08:49,fulfilled
REQ01150,B+,5,High,Singanallur,11.003662,77.018351,2026-03-14T21:49,unfulfilled
REQ01151,B+,2,Low,Podanur,10.945029,76.957625,2026-05-27T12:49,fulfilled
REQ01152,A+,3,Medium,Saibaba Colony,11.008128,76.944015,2025-11-01T16:49,unfulfilled
REQ01153,AB+,1,High,Saibaba Colony,11.00415,76.954225,2026-03-25T03:49,partially_fulfilled
REQ01154,O+,3,Medium,Coimbatore Central,11.004981,76.947626,2026-02-17T05:49,fulfilled
REQ01155,O+,5,Medium,Gandhipuram,11.02955,76.956675,2025-11-22T03:49,partially_fulfilled
REQ01156,AB+,5,Medium,Singanallur,11.007744,77.029376,2026-05-04T06:49,fulfilled
REQ01157,B+,2,Medium,Saibaba Colony,11.03097,76.940322,2026-07-14T03:49,unfulfilled
REQ01158,A+,5,Medium,Peelamedu,11.027206,77.015387,2025-10-10T17:49,partially_fulfilled
REQ01159,A+,2,High,Singanallur,11.006249,77.019589,2026-09-27T02:49,fulfilled
REQ01160,A+,5,High,Kalapatti,11.063254,77.042875,2025-10-18T19:49,partially_fulfilled
REQ01161,A+,3,Low,Coimbatore Central,11.005694,76.942997,2026-02-25T14:49,partially_fulfilled
REQ01162,A+,5,Low,RS Puram,11.000664,76.966636,2026-08-08T15:49,unfulfilled
REQ01163,A+,3,Medium,Kalapatti,11.072448,77.028188,2026-02-23T04:49,unfulfilled
REQ01164,O+,3,Low,Ukkadam,10.981631,76.956141,2025-12-29T20:49,unfulfilled
REQ01165,A+,3,Low,Saibaba Colony,11.004425,76.95268,2025-10-10T15:49,unfulfilled
REQ01166,AB-,4,Low,RS Puram,11.011849,76.966563,2026-02-17T20:49,cancelled
REQ01167,O+,3,High,Podanur,10.953015,76.965091,2025-12-02T04:49,fulfilled
REQ01168,A+,5,Low,Ukkadam,10.994047,76.951068,2025-11-22T21:49,unfulfilled
REQ01169,A+,2,High,RS Puram,10.997628,76.951416,2026-01-04T00:49,fulfilled
REQ01170,B+,2,High,Kalapatti,11.066042,77.038747,2026-01-26T06:49,fulfilled
REQ01171,A-,3,Medium,Peelamedu,11.039825,77.016444,2026-05-14T21:49,partially_fulfilled
REQ01172,A+,4,High,Kalapatti,11.075461,77.047115,2025-11-06T22:49,fulfilled
REQ01173,O+,1,Critical,Saibaba Colony,11.023625,76.95445,2026-04-03T13:49,cancelled
REQ01174,B+,5,High,Peelamedu,11.040776,77.014645,2026-09-06T15:49,partially_fulfilled
REQ01175,O+,4,High,Vadavalli,11.035553,76.908097,2026-03-01T02:49,fulfilled
REQ01176,A+,4,Critical,Vadavalli,11.014568,76.906769,2025-10-15T00:49,fulfilled
REQ01177,B+,5,Medium,Gandhipuram,11.018983,76.97914,2026-08-13T09:49,fulfilled
REQ01178,O+,1,High,Singanallur,10.999872,77.02742,2025-10-05T18:49,unfulfilled
REQ01179,AB+,3,Medium,Kalapatti,11.062488,77.046968,2026-01-16T02:49,cancelled
REQ01180,B+,4,Critical,Gandhipuram,11.009477,76.968117,2026-03-08T01:49,partially_fulfilled
REQ01181,O+,1,Medium,Peelamedu,11.020774,77.012427,2026-05-12T21:49,fulfilled
REQ01182,A+,3,Low,Peelamedu,11.039594,77.035864,2026-04-25T06:49,unfulfilled
REQ01183,O+,1,High,Gandhipuram,11.025604,76.971144,2026-02-17T18:49,unfulfilled
REQ01184,A-,3,Medium,Ukkadam,10.988672,76.947658,2026-02-23T11:49,cancelled
REQ01185,A+,3,Low,Vadavalli,11.032761,76.920263,2026-07-13T03:49,fulfilled
REQ01186,A+,2,High,Ukkadam,11.000912,76.963736,2026-07-09T22:49,partially_fulfilled
REQ01187,O+,1,Medium,RS Puram,11.008737,76.942951,2026-04-01T08:49,fulfilled
REQ01188,A+,4,Critical,RS Puram,11.020224,76.943721,2025-10-16T01:49,partially_fulfilled
REQ01189,A+,5,High,RS Puram,10.99909,76.940659,2026-06-23T12:49,fulfilled
REQ01190,B-,4,High,Saibaba Colony,11.006722,76.939243,2026-06-03T06:49,fulfilled
REQ01191,B+,5,Medium,Peelamedu,11.034802,77.013751,2026-04-12T04:49,partially_fulfilled
REQ01192,O+,4,High,Kalapatti,11.067545,77.046998,2026-02-10T01:49,fulfilled
REQ01193,A+,4,High,Ukkadam,11.000446,76.970522,2026-10-02T21:49,fulfilled
REQ01194,A+,4,Medium,Gandhipuram,11.013275,76.974313,2026-02-10T10:49,fulfilled
REQ01195,A-,2,Critical,Ukkadam,10.991415,76.965306,2025-10-06T03:49,cancelled
REQ01196,O+,3,Critical,Singanallur,11.007527,77.017589,2025-11-26T11:49,fulfilled
REQ01197,A+,3,Medium,Vadavalli,11.019574,76.898042,2026-05-26T08:49,fulfilled
REQ01198,A-,3,High,Kalapatti,11.057042,77.034565,2025-12-09T22:49,partially_fulfilled
REQ01199,A-,2,Critical,Peelamedu,11.02322,77.0137,2026-04-02T13:49,unfulfilled
REQ01200,B-,1,Medium,Singanallur,11.002417,77.025777,2026-06-06T02:49,unfulfilled
